TeamId,TeamName,SubmissionDate,Score
377921,旁聽T,"2016-09-30 02:20:08",35.41610
377921,旁聽T,"2016-09-30 02:24:27",34.59287
377947,b03902035_nanana,"2016-09-30 03:39:01",6.77864
377980,RyanChen,"2016-09-30 07:32:32",5.80644
378097,r05922018_BrianHuang,"2016-09-30 11:11:16",35.41610
378105,b03901134_YuanPJ,"2016-09-30 11:35:45",35.41610
378161,R05922121_hahauccu,"2016-09-30 14:19:02",21.94615
378161,R05922121_hahauccu,"2016-09-30 14:25:55",20.33388
378005,b01901169_q86,"2016-09-30 16:47:29",6.34268
378005,b01901169_q86,"2016-09-30 16:59:49",6.21678
378005,b01901169_q86,"2016-09-30 17:51:30",5.93746
378225,b01901055_q86,"2016-09-30 18:07:13",5.80627
377947,b03902035_nanana,"2016-09-30 19:04:15",6.00794
377983,b03901138_Rubiofor333,"2016-09-30 20:44:30",6.77864
377964,b03901067_123,"2016-10-01 01:07:11",9.01520
378332,b02902023_shago,"2016-10-01 01:45:58",35.41610
378366,r04921104_dfke,"2016-10-01 03:27:13",5.78337
378114,b02901115_Yuandy,"2016-10-01 03:31:42",31.63750
378114,b02901115_Yuandy,"2016-10-01 04:17:52",18.59933
377964,b03901067_123,"2016-10-01 04:18:36",6.91897
378114,b02901115_Yuandy,"2016-10-01 04:35:22",17.53997
378190,r05922021_小毛,"2016-10-01 05:58:16",5.90888
378225,b01901055_q86,"2016-10-01 06:06:14",5.69729
378190,r05922021_小毛,"2016-10-01 08:17:46",5.83883
378391,b02901072_tartarhotwave,"2016-10-01 08:49:33",9.31536
377947,b03902035_nanana,"2016-10-01 09:13:23",5.93507
377964,b03901067_123,"2016-10-01 09:27:30",6.18356
378018,r04942143_aw,"2016-10-01 09:53:16",5.83952
378391,b02901072_tartarhotwave,"2016-10-01 10:27:46",6.89532
378164,r05944017_nanbowan,"2016-10-01 11:33:14",7.05613
378479,r05942073_owata,"2016-10-01 11:38:06",6.48823
378480,b03901133_gantheory,"2016-10-01 11:39:32",19.89343
377941,r05922062_Igoodsman,"2016-10-01 11:48:03",10.72211
378480,b03901133_gantheory,"2016-10-01 12:00:14",6.77864
377941,r05922062_Igoodsman,"2016-10-01 12:03:34",9.36729
378164,r05944017_nanbowan,"2016-10-01 12:17:36",7.02126
377941,r05922062_Igoodsman,"2016-10-01 12:26:31",6.78723
377941,r05922062_Igoodsman,"2016-10-01 12:40:19",6.44386
378391,b02901072_tartarhotwave,"2016-10-01 12:53:07",6.64168
378502,TheWeak,"2016-10-01 13:03:21",6.59232
378164,r05944017_nanbowan,"2016-10-01 13:08:52",7.00606
378424,b02901076_BooMii,"2016-10-01 13:18:37",26.16884
378507,b03901009_dskuo1995,"2016-10-01 13:21:32",6.76097
378424,b02901076_BooMii,"2016-10-01 13:43:57",26.14606
378480,b03901133_gantheory,"2016-10-01 14:00:44",6.74759
378454,r04942070_研究生都被大學生屌虐QQ,"2016-10-01 14:06:32",6.77864
378078,b02901101_jas,"2016-10-01 14:45:40",6.98570
378537,b01901001_q86,"2016-10-01 15:04:06",21.35706
377964,b03901067_123,"2016-10-01 15:07:57",5.92661
378502,TheWeak,"2016-10-01 15:11:00",6.23999
378537,b01901001_q86,"2016-10-01 15:11:59",20.64435
378537,b01901001_q86,"2016-10-01 15:28:11",5.82238
378502,TheWeak,"2016-10-01 15:28:54",6.22128
378366,r04921104_dfke,"2016-10-01 15:42:18",5.71330
378549,Daikin<3,"2016-10-01 15:46:57",6.21088
378549,Daikin<3,"2016-10-01 15:59:03",6.15036
378078,b02901101_jas,"2016-10-01 16:15:01",6.04359
378005,b01901169_q86,"2016-10-01 16:28:11",5.82765
378571,ApplePen,"2016-10-01 16:43:28",6.83730
378078,b02901101_jas,"2016-10-01 16:55:38",5.76194
378571,ApplePen,"2016-10-01 17:04:01",6.24269
378225,b01901055_q86,"2016-10-01 17:10:35",5.68178
378579,r05921040_q86,"2016-10-01 17:20:15",6.41091
378579,r05921040_q86,"2016-10-01 17:37:21",5.90160
378146,b02901004_maddskillz,"2016-10-01 18:13:28",5.68941
378225,b01901055_q86,"2016-10-01 18:55:41",5.67846
378479,r05942073_owata,"2016-10-01 18:58:19",6.17349
378630,r05922120_gary,"2016-10-01 19:45:35",6.46465
377964,b03901067_123,"2016-10-01 22:03:53",5.73515
378190,r05922021_小毛,"2016-10-02 00:09:20",5.69419
377964,b03901067_123,"2016-10-02 00:30:50",5.66781
378114,b02901115_Yuandy,"2016-10-02 00:56:50",11.70904
377983,b03901138_Rubiofor333,"2016-10-02 01:44:47",6.07591
377983,b03901138_Rubiofor333,"2016-10-02 01:54:18",6.02608
377983,b03901138_Rubiofor333,"2016-10-02 02:38:01",6.01336
377964,b03901067_123,"2016-10-02 03:19:32",5.62321
378549,Daikin<3,"2016-10-02 03:50:48",6.08204
378424,b02901076_BooMii,"2016-10-02 03:51:02",25.75639
378751,R05922027_沙拉正_GRE328,"2016-10-02 04:11:52",8.85914
377954,b02901019_~(OAO)~,"2016-10-02 05:48:45",33.35238
378114,b02901115_Yuandy,"2016-10-02 05:57:09",5.92258
378164,r05944017_nanbowan,"2016-10-02 06:05:02",6.98520
378114,b02901115_Yuandy,"2016-10-02 06:17:44",5.91681
378794,R05921041_abbner,"2016-10-02 06:30:03",6.45051
378549,Daikin<3,"2016-10-02 06:37:20",6.05601
378794,R05921041_abbner,"2016-10-02 06:52:26",5.95834
378190,r05922021_小毛,"2016-10-02 07:06:59",5.67597
377941,r05922062_Igoodsman,"2016-10-02 07:16:47",6.13491
377941,r05922062_Igoodsman,"2016-10-02 07:31:56",6.10705
378751,R05922027_沙拉正_GRE328,"2016-10-02 07:40:31",7.87041
378164,r05944017_nanbowan,"2016-10-02 07:43:13",5.80447
378164,r05944017_nanbowan,"2016-10-02 07:51:45",5.80444
378146,b02901004_maddskillz,"2016-10-02 08:00:28",5.67813
378815,r05921075_(・8・),"2016-10-02 08:14:39",22.29686
377954,b02901019_~(OAO)~,"2016-10-02 08:32:17",33.34586
378794,R05921041_abbner,"2016-10-02 08:34:04",5.88279
378815,r05921075_(・8・),"2016-10-02 08:34:18",16.75767
377954,b02901019_~(OAO)~,"2016-10-02 08:44:41",30.31536
378794,R05921041_abbner,"2016-10-02 08:56:22",5.86694
378820,jerryyu3,"2016-10-02 09:19:59",5.81644
378480,b03901133_gantheory,"2016-10-02 09:33:01",6.71948
378794,R05921041_abbner,"2016-10-02 09:50:30",5.76489
378630,r05922120_gary,"2016-10-02 10:17:32",6.26964
378630,r05922120_gary,"2016-10-02 11:14:03",6.09234
378851,r05922128_Chansey,"2016-10-02 11:20:08",6.77864
378860,b03901016_yoda03,"2016-10-02 11:41:53",6.68892
378860,b03901016_yoda03,"2016-10-02 12:22:30",6.52431
378845,r04945028_LouAeeAhh_MingAhhJaiChiaTsaiO,"2016-10-02 12:29:43",5.98154
378164,r05944017_nanbowan,"2016-10-02 12:49:47",5.78236
378097,r05922018_BrianHuang,"2016-10-02 13:18:18",35.26282
378880,R04942114_GilbertWang,"2016-10-02 13:19:15",13.09437
378891,b02502094_chitchat,"2016-10-02 13:22:20",6.80012
378891,b02502094_chitchat,"2016-10-02 13:27:57",6.54326
378891,b02502094_chitchat,"2016-10-02 13:34:54",5.92357
378899,b02901122_老師帥！,"2016-10-02 13:40:03",5.82429
377983,b03901138_Rubiofor333,"2016-10-02 14:08:00",5.78516
377947,b03902035_nanana,"2016-10-02 14:30:54",5.89926
377956,"b02902004_你這種擋法,是不正確的","2016-10-02 14:38:35",7.07637
378332,b02902023_shago,"2016-10-02 14:43:32",6.10996
378480,b03901133_gantheory,"2016-10-02 15:01:53",6.68123
378332,b02902023_shago,"2016-10-02 15:02:58",6.02320
378820,jerryyu3,"2016-10-02 15:03:39",5.78571
377956,"b02902004_你這種擋法,是不正確的","2016-10-02 15:08:58",6.23765
378818,r04921103_Mel,"2016-10-02 15:09:10",6.58942
378921,b02901062_fex,"2016-10-02 15:12:59",26.11724
378630,r05922120_gary,"2016-10-02 15:14:06",6.07865
378811,r05922063_PM2.5OnChip,"2016-10-02 15:14:11",5.90013
378630,r05922120_gary,"2016-10-02 15:17:04",6.04014
378630,r05922120_gary,"2016-10-02 15:19:26",6.03531
378929,b02901008_Hoobie,"2016-10-02 15:36:00",24.17374
378811,r05922063_PM2.5OnChip,"2016-10-02 15:55:10",5.73145
378161,R05922121_hahauccu,"2016-10-02 15:58:29",10.17797
377956,"b02902004_你這種擋法,是不正確的","2016-10-02 15:59:25",5.89350
378934,b02902054_台大小河流,"2016-10-02 16:00:04",5.86795
378161,R05922121_hahauccu,"2016-10-02 16:01:29",6.94074
377954,b02901019_~(OAO)~,"2016-10-02 16:06:03",12.22128
378424,b02901076_BooMii,"2016-10-02 16:06:13",25.14309
378132,r05944047_zero,"2016-10-02 16:15:55",9.92759
377947,b03902035_nanana,"2016-10-02 16:24:36",5.62727
378860,b03901016_yoda03,"2016-10-02 16:28:35",6.39452
378921,b02901062_fex,"2016-10-02 16:30:28",25.55435
378507,b03901009_dskuo1995,"2016-10-02 16:51:51",6.66578
378132,r05944047_zero,"2016-10-02 17:02:42",5.87007
378921,b02901062_fex,"2016-10-02 17:10:38",6.32952
378921,b02901062_fex,"2016-10-02 17:36:57",5.82429
378963,b03901056_daikon,"2016-10-02 17:41:02",7.89786
378929,b02901008_Hoobie,"2016-10-02 17:42:51",20.70946
378860,b03901016_yoda03,"2016-10-02 18:02:29",6.15164
378978,r04921093_ʕ•㉨•ʔ,"2016-10-02 18:15:33",30.22850
378332,b02902023_shago,"2016-10-02 18:16:06",5.98026
378480,b03901133_gantheory,"2016-10-02 18:21:26",6.44177
378507,b03901009_dskuo1995,"2016-10-02 18:32:16",5.97494
378963,b03901056_daikon,"2016-10-02 19:09:40",6.31494
378963,b03901056_daikon,"2016-10-02 19:26:47",5.88777
378851,r05922128_Chansey,"2016-10-02 20:19:24",6.68018
378391,b02901072_tartarhotwave,"2016-10-02 20:25:26",6.00333
378978,r04921093_ʕ•㉨•ʔ,"2016-10-02 20:47:36",24.81088
378391,b02901072_tartarhotwave,"2016-10-02 21:18:50",5.86297
378940,r05943094_Tom,"2016-10-02 21:55:48",6.21563
378940,r05943094_Tom,"2016-10-02 22:01:06",6.16795
378940,r05943094_Tom,"2016-10-02 22:34:12",6.14627
378161,R05922121_hahauccu,"2016-10-03 00:07:17",5.89837
378161,R05922121_hahauccu,"2016-10-03 00:08:16",5.74728
378860,b03901016_yoda03,"2016-10-03 00:08:43",5.91504
379122,FelixChu,"2016-10-03 00:33:59",14.92104
378794,R05921041_abbner,"2016-10-03 00:35:58",5.69319
378480,b03901133_gantheory,"2016-10-03 00:42:53",5.85996
378811,r05922063_PM2.5OnChip,"2016-10-03 01:02:37",5.71116
378811,r05922063_PM2.5OnChip,"2016-10-03 01:52:09",5.70753
378921,b02901062_fex,"2016-10-03 02:14:54",5.67751
378132,r05944047_zero,"2016-10-03 02:27:55",5.82981
378507,b03901009_dskuo1995,"2016-10-03 02:31:24",5.86657
378424,b02901076_BooMii,"2016-10-03 02:35:18",25.12469
378963,b03901056_daikon,"2016-10-03 02:50:57",5.88696
378963,b03901056_daikon,"2016-10-03 02:53:30",5.88112
378811,r05922063_PM2.5OnChip,"2016-10-03 02:59:49",5.70071
378751,R05922027_沙拉正_GRE328,"2016-10-03 03:08:35",7.33119
378860,b03901016_yoda03,"2016-10-03 03:26:49",5.88552
378929,b02901008_Hoobie,"2016-10-03 03:57:36",15.14006
377954,b02901019_~(OAO)~,"2016-10-03 04:01:01",12.04074
377980,RyanChen,"2016-10-03 04:30:34",0.00000
378943,r04942034_梅子酸酸酸,"2016-10-03 04:32:50",9.19239
378943,r04942034_梅子酸酸酸,"2016-10-03 04:33:14",6.77864
378630,r05922120_gary,"2016-10-03 04:47:28",6.02218
378630,r05922120_gary,"2016-10-03 04:51:31",5.94418
378391,b02901072_tartarhotwave,"2016-10-03 05:33:08",5.73882
378114,b02901115_Yuandy,"2016-10-03 05:39:47",5.90157
379167,eddy1021,"2016-10-03 05:48:43",19.05620
378899,b02901122_老師帥！,"2016-10-03 05:58:30",5.74540
378445,b02901123_ayou7995,"2016-10-03 06:10:55",17.85636
378630,r05922120_gary,"2016-10-03 06:14:50",5.92734
377990,b02901016_從廁所覺醒的努力,"2016-10-03 06:25:03",12.38915
377961,b02901011_yyj,"2016-10-03 06:27:29",26.17173
379235,b03902071_lasfolt,"2016-10-03 06:40:32",11.33358
378018,r04942143_aw,"2016-10-03 06:50:29",5.83167
377990,b02901016_從廁所覺醒的努力,"2016-10-03 07:08:30",7.46718
378114,b02901115_Yuandy,"2016-10-03 07:15:34",5.88330
379232,r05921049_hao,"2016-10-03 07:20:50",35.41610
378880,R04942114_GilbertWang,"2016-10-03 07:21:15",7.93244
378114,b02901115_Yuandy,"2016-10-03 07:29:49",5.88326
377990,b02901016_從廁所覺醒的努力,"2016-10-03 07:33:22",5.85870
378480,b03901133_gantheory,"2016-10-03 07:33:29",5.84488
379235,b03902071_lasfolt,"2016-10-03 07:35:02",6.41830
379232,r05921049_hao,"2016-10-03 07:43:30",6.77864
378811,r05922063_PM2.5OnChip,"2016-10-03 07:51:17",5.70009
378880,R04942114_GilbertWang,"2016-10-03 08:12:08",7.44501
378963,b03901056_daikon,"2016-10-03 08:19:36",5.85346
378153,b02502108_Daikin,"2016-10-03 09:04:59",6.68770
379300,b02901028_....,"2016-10-03 09:59:25",5.85333
378929,b02901008_Hoobie,"2016-10-03 10:06:58",9.87800
379321,r20_iLikeIt,"2016-10-03 10:25:34",5.80445
379167,eddy1021,"2016-10-03 10:41:58",16.03803
378751,R05922027_沙拉正_GRE328,"2016-10-03 10:48:24",5.80570
378899,b02901122_老師帥！,"2016-10-03 10:56:29",5.74068
379313,jackwang01,"2016-10-03 11:15:54",15.21394
379313,jackwang01,"2016-10-03 11:24:35",13.55257
379329,b02901065_boobhsi,"2016-10-03 11:24:35",19.13156
379313,jackwang01,"2016-10-03 11:29:07",10.08942
377961,b02901011_yyj,"2016-10-03 11:48:40",7.42530
379329,b02901065_boobhsi,"2016-10-03 11:57:00",12.87439
378899,b02901122_老師帥！,"2016-10-03 11:58:19",5.70391
379343,b03902082_yo,"2016-10-03 12:01:45",10.37403
379359,b02901126_cdf,"2016-10-03 12:46:42",26.28217
378445,b02901123_ayou7995,"2016-10-03 13:06:03",11.24469
377941,r05922062_Igoodsman,"2016-10-03 13:06:40",6.03760
377961,b02901011_yyj,"2016-10-03 13:14:22",7.38560
377941,r05922062_Igoodsman,"2016-10-03 13:14:26",5.97307
379343,b03902082_yo,"2016-10-03 13:14:29",5.86901
378078,b02901101_jas,"2016-10-03 13:23:16",5.68184
377954,b02901019_~(OAO)~,"2016-10-03 13:24:59",5.98489
379379,r03921101_RenLuo,"2016-10-03 13:29:32",18.03815
379359,b02901126_cdf,"2016-10-03 13:33:09",5.75315
378899,b02901122_老師帥！,"2016-10-03 13:36:44",5.67944
379313,jackwang01,"2016-10-03 13:41:52",8.04570
377941,r05922062_Igoodsman,"2016-10-03 13:50:54",5.90183
378899,b02901122_老師帥！,"2016-10-03 14:01:37",5.66147
379394,b02504086_pjchen,"2016-10-03 14:04:34",33.26756
379167,eddy1021,"2016-10-03 14:05:33",11.02291
379167,eddy1021,"2016-10-03 14:07:13",8.83352
379343,b03902082_yo,"2016-10-03 14:07:34",5.76282
378537,b01901001_q86,"2016-10-03 14:13:36",5.79154
379394,b02504086_pjchen,"2016-10-03 14:21:23",5.67944
378502,TheWeak,"2016-10-03 14:25:24",5.90322
379425,b02901031_CHE,"2016-10-03 15:07:00",7.04450
379437,r04921055_rsgg,"2016-10-03 15:20:26",6.29815
378963,b03901056_daikon,"2016-10-03 16:07:01",5.85246
377983,b03901138_Rubiofor333,"2016-10-03 16:12:41",5.72465
379343,b03902082_yo,"2016-10-03 16:12:59",5.73352
377971,b02901001_potato,"2016-10-03 16:38:56",35.41610
377983,b03901138_Rubiofor333,"2016-10-03 16:43:14",5.57438
379492,r05943001_Panda,"2016-10-03 16:58:45",8.39878
379492,r05943001_Panda,"2016-10-03 17:02:27",6.86564
377983,b03901138_Rubiofor333,"2016-10-03 17:10:37",5.53576
378619,r04921087_J0N35,"2016-10-03 17:17:18",6.61750
378424,b02901076_BooMii,"2016-10-03 17:22:57",6.77864
377947,b03902035_nanana,"2016-10-03 17:42:40",5.57664
378424,b02901076_BooMii,"2016-10-03 17:49:56",6.60618
377971,b02901001_potato,"2016-10-03 17:59:07",15.06118
379525,r05922077_GGGGGGGGGGGG,"2016-10-03 18:33:32",9.11318
379527,b02901039_Daikin,"2016-10-03 18:36:08",9.65103
378190,r05922021_小毛,"2016-10-03 19:35:19",5.62384
379527,b02901039_Daikin,"2016-10-03 20:33:58",6.68123
378480,b03901133_gantheory,"2016-10-03 20:35:20",5.75536
377990,b02901016_從廁所覺醒的努力,"2016-10-04 00:38:30",5.79646
377971,b02901001_potato,"2016-10-04 01:15:00",14.97252
377941,r05922062_Igoodsman,"2016-10-04 02:09:45",5.89745
377954,b02901019_~(OAO)~,"2016-10-04 02:20:44",5.84919
378891,b02502094_chitchat,"2016-10-04 02:26:19",5.90715
378891,b02502094_chitchat,"2016-10-04 02:27:27",5.88033
378940,r05943094_Tom,"2016-10-04 02:34:44",6.12513
378929,b02901008_Hoobie,"2016-10-04 03:25:35",9.76923
378811,r05922063_PM2.5OnChip,"2016-10-04 03:29:31",5.62548
379329,b02901065_boobhsi,"2016-10-04 03:37:37",12.20143
377971,b02901001_potato,"2016-10-04 04:09:18",14.69454
379394,b02504086_pjchen,"2016-10-04 04:41:51",5.66259
379122,FelixChu,"2016-10-04 05:12:12",14.40209
379379,r03921101_RenLuo,"2016-10-04 05:16:02",11.69580
378751,R05922027_沙拉正_GRE328,"2016-10-04 05:21:37",5.68917
379122,FelixChu,"2016-10-04 05:30:48",9.12688
377956,"b02902004_你這種擋法,是不正確的","2016-10-04 05:38:39",5.88523
379793,b02901051_HelloMoto,"2016-10-04 05:48:22",18.74283
379791,R04921004_AAA,"2016-10-04 05:48:30",7.54542
379425,b02901031_CHE,"2016-10-04 06:28:24",5.71110
379167,eddy1021,"2016-10-04 06:28:44",5.23492
379804,r04943092_C8763,"2016-10-04 06:33:11",10.41733
379793,b02901051_HelloMoto,"2016-10-04 06:45:14",8.21472
379425,b02901031_CHE,"2016-10-04 07:10:08",5.69503
379785,Niadlee,"2016-10-04 07:18:49",8.50049
378507,b03901009_dskuo1995,"2016-10-04 07:26:26",5.86355
378479,r05942073_owata,"2016-10-04 07:37:32",5.82731
379804,r04943092_C8763,"2016-10-04 07:42:42",5.72547
378810,b02901071_yoooooooman,"2016-10-04 07:43:47",6.63850
378153,b02502108_Daikin,"2016-10-04 07:55:26",6.53062
378114,b02901115_Yuandy,"2016-10-04 07:58:46",5.85325
379313,jackwang01,"2016-10-04 08:10:48",6.73340
378810,b02901071_yoooooooman,"2016-10-04 08:16:43",5.77915
379329,b02901065_boobhsi,"2016-10-04 08:29:37",12.11198
377947,b03902035_nanana,"2016-10-04 08:30:32",5.53277
378016,r04943084_老師有人上課打世紀欸不對那就是老師,"2016-10-04 08:34:50",9.10584
378480,b03901133_gantheory,"2016-10-04 08:37:54",5.70282
378016,r04943084_老師有人上課打世紀欸不對那就是老師,"2016-10-04 08:40:46",8.54279
378816,r05922006_hi,"2016-10-04 08:41:22",10.82820
379840,judaskuo,"2016-10-04 08:53:47",318.74497
379840,judaskuo,"2016-10-04 08:57:41",0.00010
378445,b02901123_ayou7995,"2016-10-04 09:00:32",9.13719
378816,r05922006_hi,"2016-10-04 09:10:28",10.68137
379798,66666666,"2016-10-04 09:14:34",25.39652
378816,r05922006_hi,"2016-10-04 09:16:30",9.87632
379849,ntulauda,"2016-10-04 09:18:58",1.93592
378845,r04945028_LouAeeAhh_MingAhhJaiChiaTsaiO,"2016-10-04 09:20:30",5.86834
378480,b03901133_gantheory,"2016-10-04 09:29:08",5.64812
378816,r05922006_hi,"2016-10-04 10:05:08",9.18286
378480,b03901133_gantheory,"2016-10-04 10:40:08",5.55924
378445,b02901123_ayou7995,"2016-10-04 11:11:02",5.91940
377961,b02901011_yyj,"2016-10-04 11:35:44",6.06887
378579,r05921040_q86,"2016-10-04 11:42:48",5.86724
378794,R05921041_abbner,"2016-10-04 11:52:22",5.68038
378619,r04921087_J0N35,"2016-10-04 11:56:57",5.80510
378579,r05921040_q86,"2016-10-04 11:57:19",5.86705
379804,r04943092_C8763,"2016-10-04 12:08:06",5.71145
377954,b02901019_~(OAO)~,"2016-10-04 12:11:32",5.73292
378880,R04942114_GilbertWang,"2016-10-04 12:16:54",6.66048
378480,b03901133_gantheory,"2016-10-04 12:30:57",5.50892
377961,b02901011_yyj,"2016-10-04 12:35:41",5.72525
379400,b03901152_jingyou,"2016-10-04 12:47:04",6.66163
379122,FelixChu,"2016-10-04 12:57:21",7.51035
379793,b02901051_HelloMoto,"2016-10-04 13:06:47",7.94847
379400,b03901152_jingyou,"2016-10-04 13:07:18",6.59088
379167,eddy1021,"2016-10-04 13:46:26",5.19094
379791,R04921004_AAA,"2016-10-04 13:56:15",7.12098
378467,B03902010_ML2016,"2016-10-04 13:58:42",24.25734
378860,b03901016_yoda03,"2016-10-04 14:06:07",5.85736
378335,b03901111_無奈,"2016-10-04 14:16:39",5.96264
378114,b02901115_Yuandy,"2016-10-04 14:48:19",5.83003
379525,r05922077_GGGGGGGGGGGG,"2016-10-04 14:50:16",7.22942
379313,jackwang01,"2016-10-04 14:51:11",6.66082
379793,b02901051_HelloMoto,"2016-10-04 15:22:15",5.95290
378943,r04942034_梅子酸酸酸,"2016-10-04 15:24:28",6.66646
379300,b02901028_....,"2016-10-04 15:28:50",5.84095
378978,r04921093_ʕ•㉨•ʔ,"2016-10-04 15:30:08",9.57783
379525,r05922077_GGGGGGGGGGGG,"2016-10-04 15:43:11",6.32844
379329,b02901065_boobhsi,"2016-10-04 15:45:43",7.83050
378845,r04945028_LouAeeAhh_MingAhhJaiChiaTsaiO,"2016-10-04 15:54:18",5.77301
379379,r03921101_RenLuo,"2016-10-04 15:54:29",8.50049
379996,Melon_OuO,"2016-10-04 16:06:04",6.66868
379991,b03202019_hslin,"2016-10-04 16:09:35",21.82724
378225,b01901055_q86,"2016-10-04 16:15:59",5.59906
379991,b03202019_hslin,"2016-10-04 16:18:55",15.89815
379527,b02901039_Daikin,"2016-10-04 16:26:46",6.53429
379991,b03202019_hslin,"2016-10-04 16:32:56",14.62719
379300,b02901028_....,"2016-10-04 16:49:23",5.81808
378225,b01901055_q86,"2016-10-04 16:51:12",5.59006
378467,B03902010_ML2016,"2016-10-04 16:52:23",19.90878
379785,Niadlee,"2016-10-04 16:55:52",6.12509
379998,b02901150_ho,"2016-10-04 16:57:42",23.05248
380016,r05944004_HappyStorm,"2016-10-04 17:01:45",19.77320
378424,b02901076_BooMii,"2016-10-04 17:16:23",5.95399
380016,r05944004_HappyStorm,"2016-10-04 17:16:29",15.68161
379953,好123,"2016-10-04 17:17:14",6.22032
379527,b02901039_Daikin,"2016-10-04 17:17:35",6.40615
380017,r05944049_QQ,"2016-10-04 17:18:24",6.67757
378225,b01901055_q86,"2016-10-04 17:19:15",5.55723
380019,sean6016,"2016-10-04 17:22:23",19.35722
380019,sean6016,"2016-10-04 17:24:04",18.89727
380019,sean6016,"2016-10-04 17:31:12",17.52817
377947,b03902035_nanana,"2016-10-04 17:55:19",5.52535
380034,b03901018_harvey,"2016-10-04 18:03:24",5.88269
379798,66666666,"2016-10-04 18:07:51",25.24827
379798,66666666,"2016-10-04 18:17:41",18.62055
379290,BenTsai,"2016-10-04 18:19:59",13.20958
378860,b03901016_yoda03,"2016-10-04 18:38:54",5.82759
379290,BenTsai,"2016-10-04 19:37:44",10.25256
379290,BenTsai,"2016-10-04 20:05:23",9.90400
378927,r04922044_Alex,"2016-10-04 20:06:26",6.74593
378927,r04922044_Alex,"2016-10-04 20:20:08",6.09242
378927,r04922044_Alex,"2016-10-04 20:21:43",5.85390
379191,b02902076_SmartDog~OuO,"2016-10-04 20:33:33",6.89175
380075,zzzfff22g,"2016-10-04 20:54:15",5.85390
378335,b03901111_無奈,"2016-10-04 23:39:06",5.84469
379525,r05922077_GGGGGGGGGGGG,"2016-10-05 00:39:15",6.19561
379953,好123,"2016-10-05 01:20:58",6.22031
378537,b01901001_q86,"2016-10-05 01:26:39",5.65502
380034,b03901018_harvey,"2016-10-05 01:57:09",5.87817
378391,b02901072_tartarhotwave,"2016-10-05 02:05:21",5.72557
379379,r03921101_RenLuo,"2016-10-05 02:19:27",5.88996
380190,b02504036_bigGG,"2016-10-05 02:35:56",6.32295
378445,b02901123_ayou7995,"2016-10-05 02:36:06",5.67726
379527,b02901039_Daikin,"2016-10-05 02:48:05",6.30126
379329,b02901065_boobhsi,"2016-10-05 03:10:52",6.81237
378005,b01901169_q86,"2016-10-05 03:11:16",5.82726
378899,b02901122_老師帥！,"2016-10-05 03:13:47",5.63250
378978,r04921093_ʕ•㉨•ʔ,"2016-10-05 03:16:07",7.38014
378480,b03901133_gantheory,"2016-10-05 03:17:19",5.50338
377971,b02901001_potato,"2016-10-05 03:21:44",6.99536
378153,b02502108_Daikin,"2016-10-05 03:40:59",6.46968
380190,b02504036_bigGG,"2016-10-05 03:42:46",6.18198
378816,r05922006_hi,"2016-10-05 03:45:44",8.67179
379379,r03921101_RenLuo,"2016-10-05 03:55:07",5.79943
377971,b02901001_potato,"2016-10-05 04:09:47",6.28166
377954,b02901019_~(OAO)~,"2016-10-05 04:10:23",5.72976
380217,b02901068_xXxFaZeKlanxXx,"2016-10-05 04:19:42",6.94597
380217,b02901068_xXxFaZeKlanxXx,"2016-10-05 04:26:33",6.10690
379791,R04921004_AAA,"2016-10-05 04:34:22",5.77567
379191,b02902076_SmartDog~OuO,"2016-10-05 04:40:26",6.57513
378880,R04942114_GilbertWang,"2016-10-05 04:40:41",6.11437
378381,r05922034_Henry07,"2016-10-05 04:47:58",12.12416
378810,b02901071_yoooooooman,"2016-10-05 04:58:52",5.71800
378391,b02901072_tartarhotwave,"2016-10-05 05:12:13",5.70001
379290,BenTsai,"2016-10-05 05:18:51",9.42241
380217,b02901068_xXxFaZeKlanxXx,"2016-10-05 05:33:55",5.75469
379290,BenTsai,"2016-10-05 05:48:56",7.03171
378537,b01901001_q86,"2016-10-05 05:56:01",5.65248
379953,好123,"2016-10-05 05:58:45",5.80644
380238,b03901028_yahaha,"2016-10-05 06:03:28",7.77020
379492,r05943001_Panda,"2016-10-05 06:10:44",5.96951
380217,b02901068_xXxFaZeKlanxXx,"2016-10-05 06:37:49",5.68269
378929,b02901008_Hoobie,"2016-10-05 06:40:27",7.18147
380238,b03901028_yahaha,"2016-10-05 06:50:24",6.57411
378929,b02901008_Hoobie,"2016-10-05 06:53:43",5.68635
380253,r05943002_calvin,"2016-10-05 06:56:49",6.12707
380255,b02901014_insect,"2016-10-05 06:59:07",5.73651
380254,csieman,"2016-10-05 07:00:40",6.77470
378816,r05922006_hi,"2016-10-05 07:01:36",6.29087
378816,r05922006_hi,"2016-10-05 07:05:08",5.73222
380253,r05943002_calvin,"2016-10-05 07:06:53",6.09169
379798,66666666,"2016-10-05 07:07:17",12.26764
380259,B02901003_cirquare,"2016-10-05 07:08:23",14.96124
380238,b03901028_yahaha,"2016-10-05 07:08:26",6.12411
379798,66666666,"2016-10-05 07:09:14",6.41676
380259,B02901003_cirquare,"2016-10-05 07:10:00",11.17587
379798,66666666,"2016-10-05 07:10:49",3.44653
380259,B02901003_cirquare,"2016-10-05 07:16:25",7.59489
380262,ChengHao,"2016-10-05 07:17:45",5.98181
380254,csieman,"2016-10-05 07:27:25",6.64570
378978,r04921093_ʕ•㉨•ʔ,"2016-10-05 07:40:36",7.25073
378929,b02901008_Hoobie,"2016-10-05 07:55:58",5.67794
378579,r05921040_q86,"2016-10-05 08:00:53",5.78007
378978,r04921093_ʕ•㉨•ʔ,"2016-10-05 08:08:43",6.18257
378978,r04921093_ʕ•㉨•ʔ,"2016-10-05 08:18:34",6.06083
379379,r03921101_RenLuo,"2016-10-05 08:20:18",5.72713
379238,winds0915,"2016-10-05 08:21:10",7.09166
378477,b03202047_ilikesuafei,"2016-10-05 08:25:52",18.30862
378164,r05944017_nanbowan,"2016-10-05 08:33:01",5.71329
379991,b03202019_hslin,"2016-10-05 08:36:12",8.26041
378164,r05944017_nanbowan,"2016-10-05 08:39:09",5.71183
378005,b01901169_q86,"2016-10-05 08:42:33",5.74078
378815,r05921075_(・8・),"2016-10-05 08:44:48",10.88883
380284,r05922005_hychiang,"2016-10-05 08:46:15",13.80692
378477,b03202047_ilikesuafei,"2016-10-05 08:50:25",13.84980
378805,b03901041_EEBB,"2016-10-05 08:59:15",7.40454
378078,b02901101_jas,"2016-10-05 09:01:17",5.66201
378805,b03901041_EEBB,"2016-10-05 09:05:17",6.16598
380016,r05944004_HappyStorm,"2016-10-05 09:07:45",12.78615
378978,r04921093_ʕ•㉨•ʔ,"2016-10-05 09:12:11",5.86074
380284,r05922005_hychiang,"2016-10-05 09:16:00",9.01552
378424,b02901076_BooMii,"2016-10-05 09:19:57",5.80302
380259,B02901003_cirquare,"2016-10-05 09:25:57",5.66458
378477,b03202047_ilikesuafei,"2016-10-05 09:34:25",12.53628
380016,r05944004_HappyStorm,"2016-10-05 09:46:00",11.04745
380308,"liu yaxu","2016-10-05 09:46:54",5.80644
380309,"Jacko Lin","2016-10-05 09:47:05",5.94844
380308,"liu yaxu","2016-10-05 10:01:44",5.74039
380309,"Jacko Lin","2016-10-05 10:42:24",5.91559
379313,jackwang01,"2016-10-05 10:50:23",6.49892
378860,b03901016_yoda03,"2016-10-05 11:02:17",5.80845
378860,b03901016_yoda03,"2016-10-05 11:10:38",5.64145
379313,jackwang01,"2016-10-05 11:16:59",6.16497
379313,jackwang01,"2016-10-05 11:30:03",5.98058
379492,r05943001_Panda,"2016-10-05 11:34:08",5.88861
380255,b02901014_insect,"2016-10-05 11:43:41",5.66461
379191,b02902076_SmartDog~OuO,"2016-10-05 11:45:49",6.32641
377985,R05922148__,"2016-10-05 11:52:45",6.68607
378016,r04943084_老師有人上課打世紀欸不對那就是老師,"2016-10-05 12:08:52",6.08564
380190,b02504036_bigGG,"2016-10-05 12:26:37",5.89501
380192,"Chen li","2016-10-05 12:28:37",5.71693
380253,r05943002_calvin,"2016-10-05 12:28:45",5.82084
377985,R05922148__,"2016-10-05 12:44:44",6.64947
380375,hao123,"2016-10-05 12:47:06",5.92075
378579,r05921040_q86,"2016-10-05 12:58:35",5.70184
378103,b03901175_skywalker,"2016-10-05 13:00:52",17.27301
380190,b02504036_bigGG,"2016-10-05 13:04:19",5.86325
379235,b03902071_lasfolt,"2016-10-05 13:11:42",6.23206
378943,r04942034_梅子酸酸酸,"2016-10-05 13:14:32",5.89562
379785,Niadlee,"2016-10-05 13:17:27",5.79224
378860,b03901016_yoda03,"2016-10-05 13:19:30",5.58868
380385,R04921002_GGGG,"2016-10-05 13:19:46",5.71693
378467,B03902010_ML2016,"2016-10-05 13:21:49",19.90734
378186,Lorne0,"2016-10-05 14:00:02",5.78805
380415,"Dui li la mou","2016-10-05 14:01:15",7.28125
380423,R05922038_test,"2016-10-05 14:13:47",6.65332
378811,r05922063_PM2.5OnChip,"2016-10-05 14:24:41",5.60751
380415,"Dui li la mou","2016-10-05 14:44:43",7.10516
378891,b02502094_chitchat,"2016-10-05 14:59:18",5.86541
380190,b02504036_bigGG,"2016-10-05 15:15:15",5.79123
380295,b02901083_yabe,"2016-10-05 15:20:00",35.41610
378447,r05922032_YA,"2016-10-05 15:22:24",5.75211
378805,b03901041_EEBB,"2016-10-05 15:24:26",6.16460
379300,b02901028_....,"2016-10-05 15:26:06",5.79799
378805,b03901041_EEBB,"2016-10-05 15:35:26",6.12674
378186,Lorne0,"2016-10-05 15:40:34",5.75316
378447,r05922032_YA,"2016-10-05 15:43:42",5.73507
378805,b03901041_EEBB,"2016-10-05 15:46:21",5.98099
378891,b02502094_chitchat,"2016-10-05 15:47:44",5.85328
380415,"Dui li la mou","2016-10-05 15:50:08",6.67520
378811,r05922063_PM2.5OnChip,"2016-10-05 15:54:49",5.52005
378114,b02901115_Yuandy,"2016-10-05 16:02:33",5.78227
380480,Duck,"2016-10-05 16:04:56",5.85136
380415,"Dui li la mou","2016-10-05 16:08:54",6.57521
380210,destinia,"2016-10-05 16:30:19",6.02633
379394,b02504086_pjchen,"2016-10-05 16:35:36",5.65138
378477,b03202047_ilikesuafei,"2016-10-05 16:35:55",12.25907
380423,R05922038_test,"2016-10-05 17:01:35",6.35675
378921,b02901062_fex,"2016-10-05 17:01:37",5.66880
380526,jerry,"2016-10-05 17:33:23",6.61666
378940,r05943094_Tom,"2016-10-05 17:34:44",5.87007
380480,Duck,"2016-10-05 18:46:13",5.80561
380496,"r04921068_當輸球成為事實,轉隊就成為義務","2016-10-05 18:52:30",5.90903
380423,R05922038_test,"2016-10-05 19:03:03",6.35544
380590,OAO,"2016-10-05 19:33:36",11.21453
378860,b03901016_yoda03,"2016-10-05 20:38:44",5.58664
379122,FelixChu,"2016-10-05 21:47:10",6.11154
379122,FelixChu,"2016-10-06 00:01:24",5.85330
379235,b03902071_lasfolt,"2016-10-06 00:07:52",6.06199
380309,"Jacko Lin","2016-10-06 00:22:33",5.86990
378751,R05922027_沙拉正_GRE328,"2016-10-06 00:33:48",5.65022
378335,b03901111_無奈,"2016-10-06 00:56:24",5.73241
378146,b02901004_maddskillz,"2016-10-06 01:04:53",5.60134
378921,b02901062_fex,"2016-10-06 01:32:54",5.66024
379191,b02902076_SmartDog~OuO,"2016-10-06 01:54:19",5.70582
378480,b03901133_gantheory,"2016-10-06 02:15:24",5.46816
378016,r04943084_老師有人上課打世紀欸不對那就是老師,"2016-10-06 02:28:40",6.06836
380415,"Dui li la mou","2016-10-06 02:49:23",6.39075
380415,"Dui li la mou","2016-10-06 02:49:51",6.24567
380415,"Dui li la mou","2016-10-06 02:50:17",6.16644
380415,"Dui li la mou","2016-10-06 02:50:43",5.84736
379379,r03921101_RenLuo,"2016-10-06 02:51:41",5.65906
380375,hao123,"2016-10-06 03:07:13",5.63917
377954,b02901019_~(OAO)~,"2016-10-06 03:08:40",5.69798
379329,b02901065_boobhsi,"2016-10-06 03:18:47",5.95189
378816,r05922006_hi,"2016-10-06 03:45:30",5.70307
379191,b02902076_SmartDog~OuO,"2016-10-06 04:09:17",5.61872
379791,R04921004_AAA,"2016-10-06 04:24:52",5.75688
380016,r05944004_HappyStorm,"2016-10-06 04:28:50",7.01821
378537,b01901001_q86,"2016-10-06 04:52:48",5.63531
380259,B02901003_cirquare,"2016-10-06 04:57:14",5.66195
378891,b02502094_chitchat,"2016-10-06 05:05:19",5.84699
379991,b03202019_hslin,"2016-10-06 05:12:49",7.82680
378078,b02901101_jas,"2016-10-06 05:15:28",5.60885
378495,R05942040_DeepMeow,"2016-10-06 05:18:05",8.27108
378978,r04921093_ʕ•㉨•ʔ,"2016-10-06 05:18:36",5.81347
377971,b02901001_potato,"2016-10-06 05:18:56",5.78726
378943,r04942034_梅子酸酸酸,"2016-10-06 05:39:42",5.88643
378447,r05922032_YA,"2016-10-06 05:48:23",5.72679
380309,"Jacko Lin","2016-10-06 06:14:04",5.81807
380888,r04922081_便便好好吃,"2016-10-06 06:14:41",5.80644
378502,TheWeak,"2016-10-06 06:16:11",5.89111
378447,r05922032_YA,"2016-10-06 06:23:10",5.71568
379492,r05943001_Panda,"2016-10-06 06:26:40",5.88299
378810,b02901071_yoooooooman,"2016-10-06 06:34:32",5.65272
380309,"Jacko Lin","2016-10-06 06:37:27",5.76466
379400,b03901152_jingyou,"2016-10-06 06:37:31",6.04248
379400,b03901152_jingyou,"2016-10-06 07:04:44",5.83835
378447,r05922032_YA,"2016-10-06 07:28:58",5.70793
379793,b02901051_HelloMoto,"2016-10-06 07:29:49",5.69230
378940,r05943094_Tom,"2016-10-06 07:31:17",5.74694
378391,b02901072_tartarhotwave,"2016-10-06 07:41:58",5.69026
379238,winds0915,"2016-10-06 07:43:24",7.03325
378103,b03901175_skywalker,"2016-10-06 07:47:44",15.81743
380034,b03901018_harvey,"2016-10-06 07:52:55",5.64370
378495,R05942040_DeepMeow,"2016-10-06 08:33:00",8.06207
377993,r04922108_yoyoyo,"2016-10-06 08:37:45",12.20480
380308,"liu yaxu","2016-10-06 08:49:22",5.62868
378097,r05922018_BrianHuang,"2016-10-06 08:51:25",31.06177
378097,r05922018_BrianHuang,"2016-10-06 08:57:12",28.12005
378549,Daikin<3,"2016-10-06 09:01:33",6.05542
379394,b02504086_pjchen,"2016-10-06 09:04:35",5.61806
378097,r05922018_BrianHuang,"2016-10-06 09:05:14",21.38414
378940,r05943094_Tom,"2016-10-06 09:13:56",5.74105
379492,r05943001_Panda,"2016-10-06 09:29:07",5.71651
380972,r05942042_FacePalm,"2016-10-06 09:31:14",5.97254
379232,r05921049_hao,"2016-10-06 09:50:31",6.28024
378467,B03902010_ML2016,"2016-10-06 10:03:12",7.13677
379793,b02901051_HelloMoto,"2016-10-06 10:06:23",5.66172
378815,r05921075_(・8・),"2016-10-06 10:12:37",6.08963
380997,R03921004_000,"2016-10-06 10:13:32",356.41549
377993,r04922108_yoyoyo,"2016-10-06 10:14:36",8.97869
380997,R03921004_000,"2016-10-06 10:16:30",18.29021
380968,b02901102_GG3B0,"2016-10-06 10:17:25",33.93305
380997,R03921004_000,"2016-10-06 10:17:43",17.95274
378549,Daikin<3,"2016-10-06 10:22:04",5.94186
380997,R03921004_000,"2016-10-06 10:37:16",17.90849
378016,r04943084_老師有人上課打世紀欸不對那就是老師,"2016-10-06 10:50:32",6.06257
380210,destinia,"2016-10-06 10:55:45",5.90056
378860,b03901016_yoda03,"2016-10-06 10:59:24",5.56711
381020,DebbyYen,"2016-10-06 11:16:17",6.33911
377993,r04922108_yoyoyo,"2016-10-06 11:38:44",6.07817
379394,b02504086_pjchen,"2016-10-06 11:39:25",5.60358
378811,r05922063_PM2.5OnChip,"2016-10-06 12:23:17",5.46638
378480,b03901133_gantheory,"2016-10-06 12:34:12",5.42734
379235,b03902071_lasfolt,"2016-10-06 12:37:26",5.97172
378927,r04922044_Alex,"2016-10-06 12:41:15",5.85328
381071,b04901014_kaggle,"2016-10-06 12:49:50",24.09282
381071,b04901014_kaggle,"2016-10-06 13:03:42",19.86548
381076,f04942066_katsu,"2016-10-06 13:05:47",5.73014
379165,b02901120_gogo,"2016-10-06 13:17:20",5.85318
379991,b03202019_hslin,"2016-10-06 13:30:39",6.83645
381097,sam001,"2016-10-06 13:35:05",5.81801
378114,b02901115_Yuandy,"2016-10-06 13:39:06",5.77868
381097,sam001,"2016-10-06 13:44:23",5.77504
381105,b02901024_Fred,"2016-10-06 13:48:40",6.45695
381097,sam001,"2016-10-06 13:49:30",5.76039
380968,b02901102_GG3B0,"2016-10-06 13:51:56",5.75481
378811,r05922063_PM2.5OnChip,"2016-10-06 13:52:26",5.46579
379238,winds0915,"2016-10-06 13:55:16",7.01605
381097,sam001,"2016-10-06 13:57:36",5.74585
377945,R04943057_Jigglypuff,"2016-10-06 13:57:37",5.80713
381105,b02901024_Fred,"2016-10-06 14:04:10",5.69509
377945,R04943057_Jigglypuff,"2016-10-06 14:08:09",5.69589
378801,bugJ,"2016-10-06 14:08:33",6.12624
378801,bugJ,"2016-10-06 14:21:29",5.90264
380423,R05922038_test,"2016-10-06 14:21:30",5.97565
380284,r05922005_hychiang,"2016-10-06 14:25:44",5.75139
380423,R05922038_test,"2016-10-06 14:32:39",5.88643
381071,b04901014_kaggle,"2016-10-06 14:45:31",19.84092
378943,r04942034_梅子酸酸酸,"2016-10-06 15:01:23",5.88430
380190,b02504036_bigGG,"2016-10-06 15:04:04",5.69310
378860,b03901016_yoda03,"2016-10-06 15:06:35",5.55465
380017,r05944049_QQ,"2016-10-06 15:19:49",6.67490
380590,OAO,"2016-10-06 15:20:35",7.76806
379437,r04921055_rsgg,"2016-10-06 15:22:11",5.89067
381157,b03202017_eating,"2016-10-06 15:25:41",6.10874
379232,r05921049_hao,"2016-10-06 15:48:36",6.12239
380295,b02901083_yabe,"2016-10-06 15:58:52",6.30724
381185,MLGGGGGGG,"2016-10-06 16:05:03",19.19029
381185,MLGGGGGGG,"2016-10-06 16:06:26",18.88949
378820,jerryyu3,"2016-10-06 16:28:16",5.74758
378811,r05922063_PM2.5OnChip,"2016-10-06 16:31:26",5.46352
381105,b02901024_Fred,"2016-10-06 16:32:04",5.68459
378860,b03901016_yoda03,"2016-10-06 16:32:31",5.54974
378153,b02502108_Daikin,"2016-10-06 16:32:41",6.07181
378153,b02502108_Daikin,"2016-10-06 16:39:28",6.06469
381157,b03202017_eating,"2016-10-06 16:41:21",6.05867
378153,b02502108_Daikin,"2016-10-06 17:02:33",6.04705
381020,DebbyYen,"2016-10-06 17:04:31",5.72868
381206,r05921012_trytrysee,"2016-10-06 17:07:11",6.17748
378507,b03901009_dskuo1995,"2016-10-06 17:14:20",5.81233
377945,R04943057_Jigglypuff,"2016-10-06 17:16:21",5.63656
378810,b02901071_yoooooooman,"2016-10-06 17:23:37",5.63339
378120,b03901027_hym,"2016-10-06 17:30:50",6.01360
378507,b03901009_dskuo1995,"2016-10-06 17:32:44",5.79860
378153,b02502108_Daikin,"2016-10-06 17:38:14",6.02626
381213,WhoCanHelpMe,"2016-10-06 17:40:45",16.97655
381217,b01901160_,"2016-10-06 17:48:33",6.75555
381213,WhoCanHelpMe,"2016-10-06 17:52:57",16.96483
381071,b04901014_kaggle,"2016-10-06 17:54:32",14.90097
378860,b03901016_yoda03,"2016-10-06 18:03:25",5.54913
381235,OMG,"2016-10-06 18:25:00",7.74946
378153,b02502108_Daikin,"2016-10-06 18:32:10",5.99854
381213,WhoCanHelpMe,"2016-10-06 18:37:34",13.61694
381235,OMG,"2016-10-06 18:42:19",7.16996
381213,WhoCanHelpMe,"2016-10-06 18:44:50",13.42682
381235,OMG,"2016-10-06 18:52:26",7.14264
381235,OMG,"2016-10-06 18:54:30",7.14241
378146,b02901004_maddskillz,"2016-10-06 20:11:04",5.46961
379464,r04921006_Kai,"2016-10-06 21:05:12",5.89067
378161,R05922121_hahauccu,"2016-10-06 23:23:47",5.72092
381341,r05921004_xxx,"2016-10-06 23:28:22",13.92660
377969,r05922134_banana,"2016-10-07 00:06:17",22.42117
378016,r04943084_老師有人上課打世紀欸不對那就是老師,"2016-10-07 00:14:45",6.03191
377969,r05922134_banana,"2016-10-07 00:39:25",18.75333
377993,r04922108_yoyoyo,"2016-10-07 00:40:42",5.90366
378103,b03901175_skywalker,"2016-10-07 01:01:42",10.54971
378153,b02502108_Daikin,"2016-10-07 01:02:54",5.82699
380253,r05943002_calvin,"2016-10-07 01:03:52",5.74571
381206,r05921012_trytrysee,"2016-10-07 01:06:05",5.78724
377993,r04922108_yoyoyo,"2016-10-07 01:36:43",5.81121
378891,b02502094_chitchat,"2016-10-07 01:43:27",5.80528
378495,R05942040_DeepMeow,"2016-10-07 02:00:29",6.60710
378891,b02502094_chitchat,"2016-10-07 02:13:24",5.71930
378114,b02901115_Yuandy,"2016-10-07 02:33:38",5.67523
378751,R05922027_沙拉正_GRE328,"2016-10-07 02:36:48",5.64653
379400,b03901152_jingyou,"2016-10-07 02:42:08",5.69702
378381,r05922034_Henry07,"2016-10-07 02:44:04",6.65843
378018,r04942143_aw,"2016-10-07 02:53:51",5.80302
378751,R05922027_沙拉正_GRE328,"2016-10-07 03:14:59",5.64137
378751,R05922027_沙拉正_GRE328,"2016-10-07 03:15:49",5.61323
381395,b01901112_EEML,"2016-10-07 03:18:57",33.78165
378161,R05922121_hahauccu,"2016-10-07 03:24:18",5.64837
381397,r05921050_FapFap,"2016-10-07 03:26:09",43.06781
379400,b03901152_jingyou,"2016-10-07 03:38:42",5.68301
378103,b03901175_skywalker,"2016-10-07 03:53:49",5.86954
381395,b01901112_EEML,"2016-10-07 03:58:45",14.64269
378978,r04921093_ʕ•㉨•ʔ,"2016-10-07 04:03:45",5.79181
381397,r05921050_FapFap,"2016-10-07 04:04:43",22.88908
379400,b03901152_jingyou,"2016-10-07 04:05:13",5.67619
378005,b01901169_q86,"2016-10-07 04:33:03",5.69906
380351,b02901060_vt,"2016-10-07 05:06:48",5.86571
378815,r05921075_(・8・),"2016-10-07 05:25:47",5.79862
380426,r05942078_qed,"2016-10-07 05:27:44",9.51972
381213,WhoCanHelpMe,"2016-10-07 05:40:00",12.04437
380426,r05942078_qed,"2016-10-07 05:40:04",6.50256
379527,b02901039_Daikin,"2016-10-07 05:45:01",5.74208
381213,WhoCanHelpMe,"2016-10-07 05:48:21",10.96688
379527,b02901039_Daikin,"2016-10-07 05:50:43",5.73553
379527,b02901039_Daikin,"2016-10-07 05:54:21",5.73126
381213,WhoCanHelpMe,"2016-10-07 05:54:41",9.96346
380426,r05942078_qed,"2016-10-07 06:15:23",6.46529
378477,b03202047_ilikesuafei,"2016-10-07 06:22:31",9.98540
378940,r05943094_Tom,"2016-10-07 06:37:31",5.73727
381454,Zhong-I,"2016-10-07 06:39:16",28.99526
381410,b02901081_dada,"2016-10-07 06:46:16",5.74421
381213,WhoCanHelpMe,"2016-10-07 06:51:23",8.06429
381185,MLGGGGGGG,"2016-10-07 07:01:55",7.49572
381397,r05921050_FapFap,"2016-10-07 07:04:18",10.73884
379238,winds0915,"2016-10-07 07:15:59",6.68331
381113,r05921057_h03,"2016-10-07 07:17:52",17.39851
381185,MLGGGGGGG,"2016-10-07 07:21:23",5.85817
380016,r05944004_HappyStorm,"2016-10-07 07:23:59",5.85817
380238,b03901028_yahaha,"2016-10-07 07:39:13",5.93043
377969,r05922134_banana,"2016-10-07 07:40:34",13.11102
378537,b01901001_q86,"2016-10-07 07:47:45",5.61926
378016,r04943084_老師有人上課打世紀欸不對那就是老師,"2016-10-07 07:49:53",5.87240
380968,b02901102_GG3B0,"2016-10-07 07:55:21",5.74294
378018,r04942143_aw,"2016-10-07 08:25:01",5.76700
379832,b03202014_OAO,"2016-10-07 08:31:07",22.45620
378153,b02502108_Daikin,"2016-10-07 09:03:05",5.77133
378480,b03901133_gantheory,"2016-10-07 09:29:01",5.42322
377944,r05921035_麻省能靈,"2016-10-07 09:30:29",38.29908
378480,b03901133_gantheory,"2016-10-07 09:31:16",5.41088
381501,r04921043_不辦狂戰教你做人,"2016-10-07 09:38:26",9.01711
381505,r04942051_HIHELLO,"2016-10-07 09:40:54",9.86561
380426,r05942078_qed,"2016-10-07 09:40:59",5.72422
380997,R03921004_000,"2016-10-07 09:46:32",6.38553
380231,b02502038_唸來過倒要不,"2016-10-07 09:48:00",10.99788
381505,r04942051_HIHELLO,"2016-10-07 09:48:14",9.84225
381341,r05921004_xxx,"2016-10-07 09:49:03",12.01400
378477,b03202047_ilikesuafei,"2016-10-07 09:52:37",5.84399
380253,r05943002_calvin,"2016-10-07 10:33:09",5.65410
381542,TimHoward,"2016-10-07 10:52:40",5.97425
377939,b02902075_Monica_Geller,"2016-10-07 11:32:37",90.59963
377939,b02902075_Monica_Geller,"2016-10-07 11:50:02",70.07399
381565,b03901057_Andrew,"2016-10-07 11:51:01",6.55045
380423,R05922038_test,"2016-10-07 11:57:13",5.87580
378851,r05922128_Chansey,"2016-10-07 12:35:10",6.66678
381565,b03901057_Andrew,"2016-10-07 12:48:32",5.95049
380238,b03901028_yahaha,"2016-10-07 12:52:15",5.69856
380968,b02901102_GG3B0,"2016-10-07 13:01:06",5.73048
377939,b02902075_Monica_Geller,"2016-10-07 13:01:24",5.88440
378153,b02502108_Daikin,"2016-10-07 13:06:32",5.76616
381608,b02901045_mao,"2016-10-07 13:09:37",9.49237
381017,b02901086_kh,"2016-10-07 13:10:34",6.44039
381454,Zhong-I,"2016-10-07 13:11:42",18.91930
379832,b03202014_OAO,"2016-10-07 13:14:52",22.05581
381608,b02901045_mao,"2016-10-07 13:18:51",5.70391
381454,Zhong-I,"2016-10-07 13:25:41",18.56328
378178,"Yun-Hsuan Lin","2016-10-07 13:30:41",6.51442
378178,"Yun-Hsuan Lin","2016-10-07 13:34:38",5.92387
380423,R05922038_test,"2016-10-07 13:36:26",5.85021
381619,meteor,"2016-10-07 13:52:16",6.77864
381608,b02901045_mao,"2016-10-07 13:55:41",5.66147
378178,"Yun-Hsuan Lin","2016-10-07 14:11:50",5.71304
380231,b02502038_唸來過倒要不,"2016-10-07 14:13:50",9.87585
379525,r05922077_GGGGGGGGGGGG,"2016-10-07 14:26:00",5.80405
377939,b02902075_Monica_Geller,"2016-10-07 14:34:03",5.82678
378467,B03902010_ML2016,"2016-10-07 14:40:47",7.06181
380351,b02901060_vt,"2016-10-07 14:52:54",5.85349
377956,"b02902004_你這種擋法,是不正確的","2016-10-07 15:15:13",5.88166
381454,Zhong-I,"2016-10-07 15:15:24",7.47960
377956,"b02902004_你這種擋法,是不正確的","2016-10-07 15:41:02",5.87844
380295,b02901083_yabe,"2016-10-07 15:50:54",6.19245
379232,r05921049_hao,"2016-10-07 15:51:56",5.82428
381722,"Bike & Bite","2016-10-07 16:03:49",5.77591
378153,b02502108_Daikin,"2016-10-07 16:04:06",5.75123
377956,"b02902004_你這種擋法,是不正確的","2016-10-07 16:17:54",5.87389
380423,R05922038_test,"2016-10-07 16:18:45",5.83381
377956,"b02902004_你這種擋法,是不正確的","2016-10-07 16:49:32",5.87131
381743,kingOfWorld,"2016-10-07 16:52:15",7.06181
378477,b03202047_ilikesuafei,"2016-10-07 16:56:07",5.82165
380309,"Jacko Lin","2016-10-07 17:23:34",5.73472
380231,b02502038_唸來過倒要不,"2016-10-07 17:30:27",8.49123
378033,b03202071_MKLUO,"2016-10-07 17:34:02",12.42176
378033,b03202071_MKLUO,"2016-10-07 17:48:04",10.59992
381619,meteor,"2016-10-07 17:56:47",5.79137
381017,b02901086_kh,"2016-10-07 18:05:56",6.38925
380231,b02502038_唸來過倒要不,"2016-10-07 18:19:51",5.87322
378810,b02901071_yoooooooman,"2016-10-07 18:20:36",5.62664
378146,b02901004_maddskillz,"2016-10-07 19:18:14",5.45154
381743,kingOfWorld,"2016-10-07 19:22:33",7.06151
381743,kingOfWorld,"2016-10-07 19:23:17",7.06121
378146,b02901004_maddskillz,"2016-10-07 19:52:32",5.45046
378851,r05922128_Chansey,"2016-10-07 23:19:22",5.94469
377969,r05922134_banana,"2016-10-08 00:03:27",12.28392
379791,R04921004_AAA,"2016-10-08 01:00:21",5.70161
378816,r05922006_hi,"2016-10-08 01:10:09",5.68570
381505,r04942051_HIHELLO,"2016-10-08 01:36:26",6.27160
381505,r04942051_HIHELLO,"2016-10-08 01:38:42",5.85529
381505,r04942051_HIHELLO,"2016-10-08 01:50:16",5.78918
377939,b02902075_Monica_Geller,"2016-10-08 02:00:48",5.76020
378153,b02502108_Daikin,"2016-10-08 02:05:52",5.73545
381743,kingOfWorld,"2016-10-08 02:13:15",6.98127
381743,kingOfWorld,"2016-10-08 02:14:08",6.95669
381454,Zhong-I,"2016-10-08 02:15:11",7.37818
381743,kingOfWorld,"2016-10-08 02:17:40",6.94905
378467,B03902010_ML2016,"2016-10-08 02:20:05",6.94187
380972,r05942042_FacePalm,"2016-10-08 02:23:58",5.84294
377939,b02902075_Monica_Geller,"2016-10-08 02:35:38",5.75687
381185,MLGGGGGGG,"2016-10-08 03:23:43",5.75468
380016,r05944004_HappyStorm,"2016-10-08 03:24:38",5.75468
381213,WhoCanHelpMe,"2016-10-08 03:30:35",5.85473
381213,WhoCanHelpMe,"2016-10-08 03:32:56",5.75300
379313,jackwang01,"2016-10-08 03:49:34",5.90268
381017,b02901086_kh,"2016-10-08 04:28:27",6.12857
378097,r05922018_BrianHuang,"2016-10-08 04:28:28",16.17947
378097,r05922018_BrianHuang,"2016-10-08 04:29:12",15.28280
381213,WhoCanHelpMe,"2016-10-08 04:36:44",5.70626
380309,"Jacko Lin","2016-10-08 04:45:35",5.65554
380254,csieman,"2016-10-08 05:13:51",6.63914
381565,b03901057_Andrew,"2016-10-08 05:15:36",5.90833
381397,r05921050_FapFap,"2016-10-08 05:19:15",9.89330
381217,b01901160_,"2016-10-08 05:22:41",5.75689
378016,r04943084_老師有人上課打世紀欸不對那就是老師,"2016-10-08 05:55:59",5.85483
380253,r05943002_calvin,"2016-10-08 06:04:27",5.64991
380997,R03921004_000,"2016-10-08 06:16:49",5.72931
378016,r04943084_老師有人上課打世紀欸不對那就是老師,"2016-10-08 06:36:49",5.73857
377990,b02901016_從廁所覺醒的努力,"2016-10-08 06:51:12",5.75470
379527,b02901039_Daikin,"2016-10-08 07:03:38",5.72582
378537,b01901001_q86,"2016-10-08 07:04:00",5.60665
381522,r05942102_0317,"2016-10-08 07:20:33",6.63359
381522,r05942102_0317,"2016-10-08 07:38:52",6.15951
382051,hahajumi,"2016-10-08 07:41:42",7.61004
382051,hahajumi,"2016-10-08 07:58:25",6.65886
380016,r05944004_HappyStorm,"2016-10-08 08:10:25",5.70626
381522,r05942102_0317,"2016-10-08 08:10:39",6.11392
378153,b02502108_Daikin,"2016-10-08 08:29:54",5.73251
378851,r05922128_Chansey,"2016-10-08 08:39:14",5.81184
382051,hahajumi,"2016-10-08 08:57:40",6.43572
380231,b02502038_唸來過倒要不,"2016-10-08 09:03:24",5.74147
378820,jerryyu3,"2016-10-08 09:12:55",5.74376
380253,r05943002_calvin,"2016-10-08 09:18:18",5.62809
382051,hahajumi,"2016-10-08 09:25:17",6.22982
382097,iceberg,"2016-10-08 09:35:16",10.47347
377956,"b02902004_你這種擋法,是不正確的","2016-10-08 09:35:19",5.87006
378381,r05922034_Henry07,"2016-10-08 09:40:20",6.54463
382097,iceberg,"2016-10-08 09:47:19",7.70940
378017,R05942069_KAI,"2016-10-08 09:56:45",5.97196
377945,R04943057_Jigglypuff,"2016-10-08 10:10:14",5.63097
380238,b03901028_yahaha,"2016-10-08 10:11:19",5.64771
378912,r05944013_bigstar,"2016-10-08 10:20:46",6.78933
378912,r05944013_bigstar,"2016-10-08 10:43:22",6.54617
379400,b03901152_jingyou,"2016-10-08 10:48:05",5.66825
381395,b01901112_EEML,"2016-10-08 10:56:43",11.45680
378097,r05922018_BrianHuang,"2016-10-08 10:59:03",10.88349
381483,Yu-WeiChang,"2016-10-08 10:59:45",22.16495
382121,PigPig,"2016-10-08 11:11:42",6.54463
382121,PigPig,"2016-10-08 11:42:33",6.22495
381722,"Bike & Bite","2016-10-08 11:46:21",5.75540
380253,r05943002_calvin,"2016-10-08 12:22:41",5.62151
379235,b03902071_lasfolt,"2016-10-08 12:22:58",5.76218
380231,b02502038_唸來過倒要不,"2016-10-08 12:26:57",5.70421
378381,r05922034_Henry07,"2016-10-08 12:27:57",6.21905
378912,r05944013_bigstar,"2016-10-08 12:32:57",6.16718
381395,b01901112_EEML,"2016-10-08 12:33:55",5.92663
379437,r04921055_rsgg,"2016-10-08 13:01:36",5.78144
381427,r05942013_aa,"2016-10-08 13:04:24",39.80441
379437,r04921055_rsgg,"2016-10-08 13:13:29",5.76556
381395,b01901112_EEML,"2016-10-08 13:25:38",5.90551
382168,b02901032_Daikin,"2016-10-08 13:32:10",5.72749
382172,fsasaca,"2016-10-08 13:41:38",6.45740
382173,nyapass,"2016-10-08 13:45:02",6.08033
382172,fsasaca,"2016-10-08 13:49:20",6.32409
382172,fsasaca,"2016-10-08 13:56:52",6.31509
378912,r05944013_bigstar,"2016-10-08 14:00:44",5.86811
382097,iceberg,"2016-10-08 14:06:45",6.13545
379437,r04921055_rsgg,"2016-10-08 14:11:13",5.75688
382187,koline1,"2016-10-08 14:24:58",6.83035
382168,b02901032_Daikin,"2016-10-08 14:39:05",5.71696
377947,b03902035_nanana,"2016-10-08 14:52:41",5.27216
382206,kwargs92,"2016-10-08 14:57:20",12.77653
381522,r05942102_0317,"2016-10-08 15:09:31",6.08133
378017,R05942069_KAI,"2016-10-08 15:12:44",5.87005
378017,R05942069_KAI,"2016-10-08 15:15:42",5.85958
381454,Zhong-I,"2016-10-08 15:16:36",5.92481
382218,kwargs93,"2016-10-08 15:39:20",13.37699
382214,eastdoor,"2016-10-08 15:43:19",6.14988
379791,R04921004_AAA,"2016-10-08 15:51:47",5.69795
382097,iceberg,"2016-10-08 16:00:28",5.79443
381395,b01901112_EEML,"2016-10-08 16:08:41",5.86515
382214,eastdoor,"2016-10-08 16:09:56",5.76247
382214,eastdoor,"2016-10-08 16:14:38",5.73492
378937,b02901108_shnovaj30101,"2016-10-08 16:29:12",6.77864
378507,b03901009_dskuo1995,"2016-10-08 16:47:19",5.78881
382218,kwargs93,"2016-10-08 16:48:54",12.20120
382259,r05922136_QwQ,"2016-10-08 16:58:09",5.88960
378805,b03901041_EEBB,"2016-10-08 17:24:06",5.78588
377969,r05922134_banana,"2016-10-08 17:40:53",11.76602
382282,b02901100_821091,"2016-10-08 18:26:21",12.51447
382282,b02901100_821091,"2016-10-08 18:40:02",5.79175
382292,旁聽8+9,"2016-10-08 18:46:23",5.87587
380423,R05922038_test,"2016-10-08 18:57:24",5.78432
382282,b02901100_821091,"2016-10-08 19:08:12",5.79080
381397,r05921050_FapFap,"2016-10-08 19:34:13",8.71649
377969,r05922134_banana,"2016-10-08 20:11:30",10.69024
380423,R05922038_test,"2016-10-08 21:11:04",5.74239
378097,r05922018_BrianHuang,"2016-10-08 22:18:39",10.22658
381454,Zhong-I,"2016-10-09 00:57:42",5.89880
382168,b02901032_Daikin,"2016-10-09 01:19:59",5.71638
378934,b02902054_台大小河流,"2016-10-09 01:59:09",5.78611
378467,B03902010_ML2016,"2016-10-09 02:00:26",5.68397
378467,B03902010_ML2016,"2016-10-09 02:09:59",5.67929
378467,B03902010_ML2016,"2016-10-09 02:10:32",5.67527
379832,b03202014_OAO,"2016-10-09 02:28:39",19.71827
381722,"Bike & Bite","2016-10-09 02:32:06",5.73885
378851,r05922128_Chansey,"2016-10-09 02:49:10",5.66714
377939,b02902075_Monica_Geller,"2016-10-09 02:55:14",5.73324
379832,b03202014_OAO,"2016-10-09 03:02:12",18.64549
382097,iceberg,"2016-10-09 03:04:51",5.78713
382423,r05922036_SaraCheng,"2016-10-09 03:12:58",5.89837
378477,b03202047_ilikesuafei,"2016-10-09 03:51:17",5.74384
382423,r05922036_SaraCheng,"2016-10-09 03:52:28",5.67507
381483,Yu-WeiChang,"2016-10-09 04:04:16",19.08300
381483,Yu-WeiChang,"2016-10-09 04:08:17",18.50302
381483,Yu-WeiChang,"2016-10-09 04:10:56",17.01897
382423,r05922036_SaraCheng,"2016-10-09 04:31:43",5.66078
379793,b02901051_HelloMoto,"2016-10-09 04:48:06",5.66142
381483,Yu-WeiChang,"2016-10-09 04:49:43",16.90625
381505,r04942051_HIHELLO,"2016-10-09 05:15:09",5.70076
382292,旁聽8+9,"2016-10-09 06:02:08",5.81411
381397,r05921050_FapFap,"2016-10-09 06:32:02",7.92851
378018,r04942143_aw,"2016-10-09 06:41:27",5.75141
381505,r04942051_HIHELLO,"2016-10-09 06:49:39",5.64923
378805,b03901041_EEBB,"2016-10-09 07:18:12",5.78229
378805,b03901041_EEBB,"2016-10-09 07:22:45",5.78131
380016,r05944004_HappyStorm,"2016-10-09 07:37:26",5.70522
378549,Daikin<3,"2016-10-09 08:14:01",5.71285
378549,Daikin<3,"2016-10-09 08:16:08",5.67463
378502,TheWeak,"2016-10-09 08:28:12",5.84560
378912,r05944013_bigstar,"2016-10-09 08:29:10",5.78496
378502,TheWeak,"2016-10-09 08:30:24",5.75003
377941,r05922062_Igoodsman,"2016-10-09 08:37:08",5.67719
377941,r05922062_Igoodsman,"2016-10-09 08:38:49",5.67488
379998,b02901150_ho,"2016-10-09 08:42:59",8.01249
377941,r05922062_Igoodsman,"2016-10-09 08:43:35",5.67487
377941,r05922062_Igoodsman,"2016-10-09 08:46:36",5.67467
381113,r05921057_h03,"2016-10-09 08:51:24",5.82429
378571,ApplePen,"2016-10-09 08:53:23",5.67469
378571,ApplePen,"2016-10-09 08:56:20",5.67464
378818,r04921103_Mel,"2016-10-09 09:16:16",5.88430
382551,testing25,"2016-10-09 10:24:16",8.32862
379300,b02901028_....,"2016-10-09 11:05:23",5.77495
382564,r04942033_wave,"2016-10-09 11:06:02",5.96531
382551,testing25,"2016-10-09 11:19:18",6.24189
380972,r05942042_FacePalm,"2016-10-09 11:35:01",5.74777
377947,b03902035_nanana,"2016-10-09 11:49:40",5.25351
382563,b02901018_Chuang,"2016-10-09 12:03:57",5.71246
381365,b04902010_寫不出好model,"2016-10-09 12:35:21",5.74230
379311,r04942131_yaya,"2016-10-09 12:38:22",10.85354
378440,b02902055_cscn,"2016-10-09 12:38:49",11.34703
382551,testing25,"2016-10-09 12:41:07",5.73933
378440,b02902055_cscn,"2016-10-09 12:43:48",8.20925
378495,R05942040_DeepMeow,"2016-10-09 12:57:12",6.36812
378440,b02902055_cscn,"2016-10-09 13:01:28",6.81897
382248,r05922162_ching,"2016-10-09 13:20:52",7.36724
382138,r04942035_噗噗ಠ౪ಠ,"2016-10-09 13:25:01",6.18104
381365,b04902010_寫不出好model,"2016-10-09 14:45:06",5.68409
381155,b02901158_hy,"2016-10-09 15:06:00",27.69501
380295,b02901083_yabe,"2016-10-09 15:09:00",6.11970
378937,b02901108_shnovaj30101,"2016-10-09 15:11:54",6.65323
382248,r05922162_ching,"2016-10-09 15:15:27",6.35904
378860,b03901016_yoda03,"2016-10-09 15:22:22",5.54394
378937,b02901108_shnovaj30101,"2016-10-09 15:26:21",6.65163
380426,r05942078_qed,"2016-10-09 15:35:02",5.72349
378912,r05944013_bigstar,"2016-10-09 15:36:07",5.73394
380217,b02901068_xXxFaZeKlanxXx,"2016-10-09 15:39:59",5.66397
378440,b02902055_cscn,"2016-10-09 15:41:14",6.45704
381155,b02901158_hy,"2016-10-09 15:55:47",27.58094
382656,r04921008_team,"2016-10-09 16:01:10",15.94532
381035,b02901050_allen,"2016-10-09 16:01:54",6.20215
378153,b02502108_Daikin,"2016-10-09 16:03:21",5.70990
378937,b02901108_shnovaj30101,"2016-10-09 16:10:42",6.60400
380019,sean6016,"2016-10-09 16:21:44",15.19589
378937,b02901108_shnovaj30101,"2016-10-09 16:29:28",6.59043
378153,b02502108_Daikin,"2016-10-09 16:43:10",5.70848
378937,b02901108_shnovaj30101,"2016-10-09 16:45:51",6.57832
382563,b02901018_Chuang,"2016-10-09 16:48:06",5.69688
382656,r04921008_team,"2016-10-09 17:19:17",15.80263
381185,MLGGGGGGG,"2016-10-09 17:21:57",5.74348
382138,r04942035_噗噗ಠ౪ಠ,"2016-10-09 17:25:22",6.12947
381185,MLGGGGGGG,"2016-10-09 17:30:26",5.73249
380016,r05944004_HappyStorm,"2016-10-09 17:58:41",5.66421
382765,s10138,"2016-10-09 18:41:28",5.80661
382765,s10138,"2016-10-09 18:46:05",5.74239
379191,b02902076_SmartDog~OuO,"2016-10-09 18:56:43",5.57964
378097,r05922018_BrianHuang,"2016-10-09 19:08:41",5.69120
382767,r05921030_ggwp,"2016-10-09 19:15:44",32.97116
382765,s10138,"2016-10-09 19:17:18",5.72131
382097,iceberg,"2016-10-09 19:35:43",5.74264
382767,r05921030_ggwp,"2016-10-09 19:36:54",21.53991
382767,r05921030_ggwp,"2016-10-09 19:43:09",11.69203
377969,r05922134_banana,"2016-10-09 19:46:26",6.65986
380423,R05922038_test,"2016-10-09 19:46:34",5.66348
382767,r05921030_ggwp,"2016-10-09 20:02:00",9.99310
382817,visitor1010,"2016-10-09 20:19:34",5.68697
380989,b03901034_topjohnwu,"2016-10-09 20:47:11",6.37422
377969,r05922134_banana,"2016-10-09 20:49:34",6.62873
378097,r05922018_BrianHuang,"2016-10-09 20:54:07",5.68839
382564,r04942033_wave,"2016-10-09 21:13:05",5.92600
382817,visitor1010,"2016-10-09 21:17:50",5.66348
382817,visitor1010,"2016-10-09 21:22:35",5.64579
381217,b01901160_,"2016-10-09 21:49:33",5.73911
378097,r05922018_BrianHuang,"2016-10-09 22:07:28",5.68588
378097,r05922018_BrianHuang,"2016-10-09 22:09:41",5.68446
382206,kwargs92,"2016-10-09 22:33:19",12.05355
380426,r05942078_qed,"2016-10-09 23:34:55",5.70161
380426,r05942078_qed,"2016-10-09 23:38:08",5.69795
381397,r05921050_FapFap,"2016-10-10 00:34:19",7.49542
379232,r05921049_hao,"2016-10-10 00:49:43",5.80852
381397,r05921050_FapFap,"2016-10-10 00:53:07",7.34704
379998,b02901150_ho,"2016-10-10 02:06:50",6.66021
379791,R04921004_AAA,"2016-10-10 02:25:17",5.66398
380253,r05943002_calvin,"2016-10-10 02:48:39",5.57452
382767,r05921030_ggwp,"2016-10-10 02:57:53",9.65809
377944,r05921035_麻省能靈,"2016-10-10 03:03:28",9.58165
379998,b02901150_ho,"2016-10-10 03:04:09",6.51601
379300,b02901028_....,"2016-10-10 03:09:19",5.76628
377944,r05921035_麻省能靈,"2016-10-10 03:10:44",5.89941
377944,r05921035_麻省能靈,"2016-10-10 03:18:06",5.73330
378912,r05944013_bigstar,"2016-10-10 03:30:10",5.72014
381185,MLGGGGGGG,"2016-10-10 03:37:20",5.66421
381185,MLGGGGGGG,"2016-10-10 03:40:02",5.63466
380016,r05944004_HappyStorm,"2016-10-10 03:47:38",5.63466
381213,WhoCanHelpMe,"2016-10-10 03:53:01",5.63480
382937,d05921018_ckghosted,"2016-10-10 04:05:27",5.80644
382937,d05921018_ckghosted,"2016-10-10 04:09:11",5.76061
382930,r04921012_單身21年,"2016-10-10 04:14:37",5.80490
378467,B03902010_ML2016,"2016-10-10 04:23:14",5.67228
378467,B03902010_ML2016,"2016-10-10 04:24:34",5.67096
380375,hao123,"2016-10-10 04:30:31",5.62657
380295,b02901083_yabe,"2016-10-10 04:40:14",5.78842
377941,r05922062_Igoodsman,"2016-10-10 04:46:44",5.67463
378440,b02902055_cscn,"2016-10-10 04:46:49",6.39220
379998,b02901150_ho,"2016-10-10 04:57:41",6.17723
382962,b04902029_TreapKing,"2016-10-10 05:03:46",27.40728
380295,b02901083_yabe,"2016-10-10 05:09:06",5.67081
382767,r05921030_ggwp,"2016-10-10 05:16:05",6.55135
380295,b02901083_yabe,"2016-10-10 05:26:05",5.66421
379191,b02902076_SmartDog~OuO,"2016-10-10 05:36:40",5.54946
380295,b02901083_yabe,"2016-10-10 05:43:35",5.66235
377941,r05922062_Igoodsman,"2016-10-10 06:01:33",5.66336
381017,b02901086_kh,"2016-10-10 06:03:38",5.78723
382767,r05921030_ggwp,"2016-10-10 06:04:35",6.51689
379832,b03202014_OAO,"2016-10-10 06:12:09",13.03788
380989,b03901034_topjohnwu,"2016-10-10 06:14:58",6.10775
380217,b02901068_xXxFaZeKlanxXx,"2016-10-10 06:20:07",5.66240
381397,r05921050_FapFap,"2016-10-10 06:20:56",7.34147
382767,r05921030_ggwp,"2016-10-10 06:23:10",6.39278
377941,r05922062_Igoodsman,"2016-10-10 06:32:50",5.64509
381035,b02901050_allen,"2016-10-10 06:33:14",6.16036
382997,SepicTsai,"2016-10-10 06:50:03",6.38616
379998,b02901150_ho,"2016-10-10 07:20:27",5.90706
378097,r05922018_BrianHuang,"2016-10-10 07:22:39",5.68280
382962,b04902029_TreapKing,"2016-10-10 07:25:05",15.99627
380217,b02901068_xXxFaZeKlanxXx,"2016-10-10 07:29:15",5.66046
377949,r04921039_peng,"2016-10-10 07:42:17",5.82393
383026,b02901092_James,"2016-10-10 07:46:17",5.72842
381500,b02902012_saveme,"2016-10-10 08:09:12",5.75182
383041,OAOWWW,"2016-10-10 08:35:23",6.57417
380968,b02901102_GG3B0,"2016-10-10 08:43:33",5.72518
381397,r05921050_FapFap,"2016-10-10 08:48:36",7.12631
380989,b03901034_topjohnwu,"2016-10-10 08:50:33",5.97267
378801,bugJ,"2016-10-10 08:53:20",5.61325
383041,OAOWWW,"2016-10-10 09:04:31",6.51410
380968,b02901102_GG3B0,"2016-10-10 09:07:13",5.72341
381500,b02902012_saveme,"2016-10-10 09:12:22",5.67737
378161,R05922121_hahauccu,"2016-10-10 09:35:58",5.52612
383071,trytrysee,"2016-10-10 09:38:13",5.67801
383083,b02202026_turtleang,"2016-10-10 10:07:07",30.01004
378440,b02902055_cscn,"2016-10-10 10:15:06",6.23993
377956,"b02902004_你這種擋法,是不正確的","2016-10-10 10:20:09",5.82995
379387,b02902041_shun,"2016-10-10 10:24:24",21.36960
377949,r04921039_peng,"2016-10-10 10:29:00",5.78336
378132,r05944047_zero,"2016-10-10 10:33:50",5.76321
380015,b02901136_chix3,"2016-10-10 10:45:17",15.72173
380231,b02502038_唸來過倒要不,"2016-10-10 10:47:04",5.69327
380015,b02901136_chix3,"2016-10-10 10:50:57",10.79636
381565,b03901057_Andrew,"2016-10-10 11:05:46",5.89915
382656,r04921008_team,"2016-10-10 11:06:29",15.17149
378495,R05942040_DeepMeow,"2016-10-10 11:08:06",6.27315
380015,b02901136_chix3,"2016-10-10 11:10:05",8.72043
381505,r04942051_HIHELLO,"2016-10-10 11:13:17",5.60627
380231,b02502038_唸來過倒要不,"2016-10-10 11:16:48",5.69092
380016,r05944004_HappyStorm,"2016-10-10 11:35:21",5.63446
381017,b02901086_kh,"2016-10-10 11:43:29",5.74341
377956,"b02902004_你這種擋法,是不正確的","2016-10-10 11:59:21",5.71967
383071,trytrysee,"2016-10-10 11:59:39",5.67377
379464,r04921006_Kai,"2016-10-10 12:20:14",5.84950
381505,r04942051_HIHELLO,"2016-10-10 12:28:08",5.57450
381565,b03901057_Andrew,"2016-10-10 12:29:22",5.74093
383163,b02902096_HAO,"2016-10-10 12:43:50",17.87625
383165,公館內馬爾,"2016-10-10 12:47:00",5.67377
383163,b02902096_HAO,"2016-10-10 12:49:41",15.22704
383165,公館內馬爾,"2016-10-10 12:58:38",5.67377
378406,QQ,"2016-10-10 12:59:59",22.59871
379232,r05921049_hao,"2016-10-10 13:07:00",5.74756
383165,公館內馬爾,"2016-10-10 13:07:42",5.67366
383163,b02902096_HAO,"2016-10-10 13:20:19",11.37984
383196,r05922109_chihyu,"2016-10-10 13:22:39",6.19542
383196,r05922109_chihyu,"2016-10-10 13:25:46",6.10446
378440,b02902055_cscn,"2016-10-10 13:29:02",6.22966
380989,b03901034_topjohnwu,"2016-10-10 13:30:41",5.86954
381365,b04902010_寫不出好model,"2016-10-10 13:34:55",5.65291
379935,xiantao,"2016-10-10 13:42:10",8.90365
380426,r05942078_qed,"2016-10-10 13:51:09",5.69210
383208,r04942077_宏毅五五六六,"2016-10-10 13:53:55",11.65021
383208,r04942077_宏毅五五六六,"2016-10-10 14:06:11",6.11952
383224,karta1499332,"2016-10-10 14:36:12",6.64717
383230,b03901070_chh,"2016-10-10 14:45:35",18.72276
378880,R04942114_GilbertWang,"2016-10-10 14:47:43",5.82790
378880,R04942114_GilbertWang,"2016-10-10 14:50:51",5.80569
382097,iceberg,"2016-10-10 14:54:26",5.74097
383239,r05943040_hoo,"2016-10-10 14:56:19",18.43118
382607,r04942120_hengChe,"2016-10-10 14:56:35",7.65670
383255,r04921018_bob,"2016-10-10 15:11:07",13.15100
382656,r04921008_team,"2016-10-10 15:15:32",13.42531
379437,r04921055_rsgg,"2016-10-10 15:17:46",5.73295
383255,r04921018_bob,"2016-10-10 15:19:15",11.72741
382607,r04942120_hengChe,"2016-10-10 15:22:26",5.84166
383163,b02902096_HAO,"2016-10-10 15:23:38",7.72987
383255,r04921018_bob,"2016-10-10 15:26:50",6.28572
378943,r04942034_梅子酸酸酸,"2016-10-10 15:33:45",5.87438
379311,r04942131_yaya,"2016-10-10 15:38:08",6.02080
378097,r05922018_BrianHuang,"2016-10-10 15:38:35",5.68041
383255,r04921018_bob,"2016-10-10 15:43:16",5.95960
379437,r04921055_rsgg,"2016-10-10 15:43:25",5.66495
383281,___PCH___,"2016-10-10 15:59:18",5.67411
383224,karta1499332,"2016-10-10 15:59:46",5.95544
378937,b02901108_shnovaj30101,"2016-10-10 16:09:26",5.69369
383028,r03945012_ROBERT,"2016-10-10 16:14:31",9.55470
382656,r04921008_team,"2016-10-10 16:32:28",8.19017
381341,r05921004_xxx,"2016-10-10 16:44:10",5.90031
383297,r04921010_cccc,"2016-10-10 16:44:23",6.33969
379832,b03202014_OAO,"2016-10-10 16:46:34",9.97813
383297,r04921010_cccc,"2016-10-10 16:59:49",6.32719
383083,b02202026_turtleang,"2016-10-10 17:05:52",11.53323
383028,r03945012_ROBERT,"2016-10-10 17:22:27",6.45466
381427,r05942013_aa,"2016-10-10 17:34:07",20.79445
382138,r04942035_噗噗ಠ౪ಠ,"2016-10-10 17:37:22",5.98771
381427,r05942013_aa,"2016-10-10 18:16:59",10.98192
383259,b02902080_山山來遲,"2016-10-10 18:42:04",62.01908
383318,EdwinYam,"2016-10-10 18:54:11",33.18522
380888,r04922081_便便好好吃,"2016-10-10 19:13:13",5.77058
378447,r05922032_YA,"2016-10-10 19:17:32",5.66094
380888,r04922081_便便好好吃,"2016-10-10 19:28:38",5.73252
380888,r04922081_便便好好吃,"2016-10-10 20:42:48",5.71110
378132,r05944047_zero,"2016-10-10 20:49:11",5.75888
383318,EdwinYam,"2016-10-10 22:18:22",21.29147
381341,r05921004_xxx,"2016-10-10 22:21:09",5.73513
381427,r05942013_aa,"2016-10-10 23:02:31",6.30573
381365,b04902010_寫不出好model,"2016-10-11 00:27:50",5.64850
381017,b02901086_kh,"2016-10-11 01:38:09",5.74258
379832,b03202014_OAO,"2016-10-11 01:44:36",8.77828
382962,b04902029_TreapKing,"2016-10-11 01:56:10",5.79481
381341,r05921004_xxx,"2016-10-11 02:04:03",5.71832
381365,b04902010_寫不出好model,"2016-10-11 02:10:49",5.61418
377941,r05922062_Igoodsman,"2016-10-11 02:41:12",5.64201
382564,r04942033_wave,"2016-10-11 02:50:21",5.92051
377941,r05922062_Igoodsman,"2016-10-11 02:56:31",5.63634
377941,r05922062_Igoodsman,"2016-10-11 03:01:13",5.63360
377941,r05922062_Igoodsman,"2016-10-11 03:08:51",5.63336
377985,R05922148__,"2016-10-11 03:10:42",6.63631
382138,r04942035_噗噗ಠ౪ಠ,"2016-10-11 03:25:22",5.93314
383259,b02902080_山山來遲,"2016-10-11 04:29:42",46.95524
380016,r05944004_HappyStorm,"2016-10-11 04:34:19",5.63336
381185,MLGGGGGGG,"2016-10-11 04:44:51",5.63354
382656,r04921008_team,"2016-10-11 04:54:45",7.91371
379235,b03902071_lasfolt,"2016-10-11 05:05:38",5.76183
382097,iceberg,"2016-10-11 05:12:48",5.73013
381185,MLGGGGGGG,"2016-10-11 05:17:19",5.63336
378571,ApplePen,"2016-10-11 05:30:57",5.64700
377993,r04922108_yoyoyo,"2016-10-11 05:54:55",5.80017
381113,r05921057_h03,"2016-10-11 05:59:15",5.80169
377993,r04922108_yoyoyo,"2016-10-11 06:15:43",5.77252
381427,r05942013_aa,"2016-10-11 06:15:51",6.21365
383972,"outside learner","2016-10-11 06:28:06",12.51368
377993,r04922108_yoyoyo,"2016-10-11 06:32:05",5.70163
383255,r04921018_bob,"2016-10-11 06:36:57",5.73089
380017,r05944049_QQ,"2016-10-11 06:58:39",5.99785
382206,kwargs92,"2016-10-11 07:09:01",6.90037
381157,b03202017_eating,"2016-10-11 07:24:01",5.67269
383259,b02902080_山山來遲,"2016-10-11 07:24:39",39.30464
383972,"outside learner","2016-10-11 07:28:14",10.51239
383163,b02902096_HAO,"2016-10-11 07:37:11",7.45877
379300,b02901028_....,"2016-10-11 07:48:34",5.67852
382968,"b02902014_┏( .-. ┏ ) ┓","2016-10-11 07:52:19",21.65189
380019,sean6016,"2016-10-11 08:25:49",5.85058
384083,ZhuMan,"2016-10-11 08:34:26",5.88204
381397,r05921050_FapFap,"2016-10-11 08:42:39",6.14724
377956,"b02902004_你這種擋法,是不正確的","2016-10-11 08:50:54",5.70603
382218,kwargs93,"2016-10-11 08:52:32",7.14476
378818,r04921103_Mel,"2016-10-11 08:53:18",5.87006
378818,r04921103_Mel,"2016-10-11 09:03:52",5.86912
379311,r04942131_yaya,"2016-10-11 09:05:40",5.84594
384121,B02901056_Claudia,"2016-10-11 09:13:09",5.68402
383163,b02902096_HAO,"2016-10-11 09:16:03",5.88518
382968,"b02902014_┏( .-. ┏ ) ┓","2016-10-11 09:16:39",10.77876
382218,kwargs93,"2016-10-11 09:28:21",5.81599
382563,b02901018_Chuang,"2016-10-11 09:36:51",5.69050
378381,r05922034_Henry07,"2016-10-11 10:14:55",6.01403
381426,ACEgolden1,"2016-10-11 10:39:38",7.70065
383281,___PCH___,"2016-10-11 11:00:45",5.66051
378097,r05922018_BrianHuang,"2016-10-11 11:12:30",5.66169
382091,b02901143_chuchu,"2016-10-11 11:13:16",18.96858
377943,f03942038_Mike,"2016-10-11 11:26:06",6.12052
382937,d05921018_ckghosted,"2016-10-11 11:32:09",5.71682
384245,sigpro,"2016-10-11 11:38:32",6.16611
384245,sigpro,"2016-10-11 11:46:26",5.99514
383208,r04942077_宏毅五五六六,"2016-10-11 11:52:40",6.00266
383208,r04942077_宏毅五五六六,"2016-10-11 12:08:25",5.99353
379359,b02901126_cdf,"2016-10-11 12:18:48",5.74898
383196,r05922109_chihyu,"2016-10-11 12:53:11",5.68863
379235,b03902071_lasfolt,"2016-10-11 12:59:36",5.57510
381483,Yu-WeiChang,"2016-10-11 13:00:02",16.05568
381035,b02901050_allen,"2016-10-11 13:00:49",5.90127
384245,sigpro,"2016-10-11 13:05:23",5.98749
378805,b03901041_EEBB,"2016-10-11 13:07:53",5.72966
378381,r05922034_Henry07,"2016-10-11 13:09:09",6.01403
383259,b02902080_山山來遲,"2016-10-11 13:18:10",5.85964
377956,"b02902004_你這種擋法,是不正確的","2016-10-11 13:49:37",5.69307
377961,b02901011_yyj,"2016-10-11 13:55:52",5.72051
382168,b02901032_Daikin,"2016-10-11 14:05:52",5.68395
380259,B02901003_cirquare,"2016-10-11 14:11:21",5.66154
384415,jasonwur04,"2016-10-11 14:25:53",5.78972
382218,kwargs93,"2016-10-11 14:45:24",5.73242
382817,visitor1010,"2016-10-11 14:49:30",5.62695
384441,板橋金城武_說我帥太沈重,"2016-10-11 14:54:17",5.70913
382968,"b02902014_┏( .-. ┏ ) ┓","2016-10-11 14:56:49",5.69559
384441,板橋金城武_說我帥太沈重,"2016-10-11 14:59:23",5.70855
382091,b02901143_chuchu,"2016-10-11 15:04:55",16.52374
384448,kwargs95,"2016-10-11 15:05:53",5.70844
377969,r05922134_banana,"2016-10-11 15:08:21",6.62105
379300,b02901028_....,"2016-10-11 15:10:50",5.67852
379527,b02901039_Daikin,"2016-10-11 15:16:55",5.72582
382168,b02901032_Daikin,"2016-10-11 15:31:08",5.68297
384478,b02902099_ししゃごにゅ,"2016-10-11 15:36:18",17.26678
383028,r03945012_ROBERT,"2016-10-11 15:39:48",6.41452
384478,b02902099_ししゃごにゅ,"2016-10-11 15:50:06",17.24809
378537,b01901001_q86,"2016-10-11 16:12:13",5.54567
379804,r04943092_C8763,"2016-10-11 16:23:33",5.69994
384541,r04943042_hw1,"2016-10-11 16:31:54",5.92807
380015,b02901136_chix3,"2016-10-11 16:53:11",7.66956
384478,b02902099_ししゃごにゅ,"2016-10-11 17:04:50",6.70959
379300,b02901028_....,"2016-10-11 17:06:11",5.63328
379387,b02902041_shun,"2016-10-11 17:09:27",7.09242
379387,b02902041_shun,"2016-10-11 17:15:59",6.37976
379387,b02902041_shun,"2016-10-11 17:18:16",6.18801
382765,s10138,"2016-10-11 17:21:05",5.52215
382259,r05922136_QwQ,"2016-10-11 17:23:40",5.82635
381217,b01901160_,"2016-10-11 17:29:43",5.73053
380423,R05922038_test,"2016-10-11 17:40:19",5.49130
380015,b02901136_chix3,"2016-10-11 17:46:39",6.15835
383877,b03901024,"2016-10-11 17:54:46",15.59699
380017,r05944049_QQ,"2016-10-11 17:59:53",5.96883
383877,b03901024,"2016-10-11 18:07:00",15.20610
383877,b03901024,"2016-10-11 18:10:00",14.94050
382091,b02901143_chuchu,"2016-10-11 18:40:57",6.06030
378912,r05944013_bigstar,"2016-10-11 18:41:19",5.70759
378234,DARKREunion,"2016-10-11 18:54:37",35.45537
378978,r04921093_ʕ•㉨•ʔ,"2016-10-11 19:21:59",5.75616
380989,b03901034_topjohnwu,"2016-10-11 21:09:38",5.86954
382020,r04945025_DachshundAcolyte,"2016-10-11 22:14:35",8.83271
377956,"b02902004_你這種擋法,是不正確的","2016-10-12 00:00:57",5.67711
379492,r05943001_Panda,"2016-10-12 00:36:12",5.67178
383239,r05943040_hoo,"2016-10-12 00:58:33",6.23236
382130,b02901149_katherine,"2016-10-12 01:13:06",6.05230
382962,b04902029_TreapKing,"2016-10-12 01:19:01",5.78148
383972,"outside learner","2016-10-12 02:05:51",10.35559
383972,"outside learner","2016-10-12 02:06:45",10.33591
378507,b03901009_dskuo1995,"2016-10-12 02:17:05",5.78469
381397,r05921050_FapFap,"2016-10-12 02:21:22",5.79093
380015,b02901136_chix3,"2016-10-12 03:25:00",5.74281
380188,R04921106_YKChen,"2016-10-12 03:29:03",6.92161
378507,b03901009_dskuo1995,"2016-10-12 03:29:46",5.78191
378332,b02902023_shago,"2016-10-12 03:32:42",5.90021
379387,b02902041_shun,"2016-10-12 03:39:32",6.10764
383239,r05943040_hoo,"2016-10-12 03:47:35",5.73547
379387,b02902041_shun,"2016-10-12 03:51:53",5.93088
379387,b02902041_shun,"2016-10-12 04:02:30",5.91202
378815,r05921075_(・8・),"2016-10-12 04:18:42",5.77048
378815,r05921075_(・8・),"2016-10-12 04:20:21",5.71866
382173,nyapass,"2016-10-12 04:23:52",5.87038
382173,nyapass,"2016-10-12 04:25:47",5.84063
384940,Chia-Fu-Lee,"2016-10-12 04:39:05",9.13006
380188,R04921106_YKChen,"2016-10-12 05:08:57",6.90541
384960,r05943051_yilong,"2016-10-12 05:16:59",5.89138
383165,公館內馬爾,"2016-10-12 05:20:55",5.66114
383165,公館內馬爾,"2016-10-12 05:21:57",5.66114
384957,r05922139_ahpong,"2016-10-12 05:22:55",18.21267
378816,r05922006_hi,"2016-10-12 05:23:00",5.67094
382091,b02901143_chuchu,"2016-10-12 05:29:23",5.72790
383165,公館內馬爾,"2016-10-12 05:32:16",5.65962
378424,b02901076_BooMii,"2016-10-12 05:51:57",5.71766
380259,B02901003_cirquare,"2016-10-12 05:52:55",5.66057
382091,b02901143_chuchu,"2016-10-12 05:59:03",5.69525
378381,r05922034_Henry07,"2016-10-12 06:15:57",5.91627
382091,b02901143_chuchu,"2016-10-12 06:21:05",5.68380
380259,B02901003_cirquare,"2016-10-12 06:29:16",5.66057
382206,kwargs92,"2016-10-12 06:37:30",5.74003
381341,r05921004_xxx,"2016-10-12 06:39:21",5.70844
380188,R04921106_YKChen,"2016-10-12 06:44:49",6.78311
382091,b02901143_chuchu,"2016-10-12 06:56:11",5.67116
379394,b02504086_pjchen,"2016-10-12 07:00:43",5.47359
381468,r05921063_Kai,"2016-10-12 07:01:16",7.18609
382130,b02901149_katherine,"2016-10-12 07:02:49",6.05169
379329,b02901065_boobhsi,"2016-10-12 07:04:15",5.87580
381427,r05942013_aa,"2016-10-12 07:08:30",6.19235
384974,yoyoyo,"2016-10-12 07:14:02",6.68643
381341,r05921004_xxx,"2016-10-12 07:14:55",5.70206
383318,EdwinYam,"2016-10-12 07:14:59",6.58878
380188,R04921106_YKChen,"2016-10-12 07:25:34",6.75086
377993,r04922108_yoyoyo,"2016-10-12 07:26:08",5.70060
381397,r05921050_FapFap,"2016-10-12 07:26:39",5.77449
377993,r04922108_yoyoyo,"2016-10-12 07:27:46",5.68883
377993,r04922108_yoyoyo,"2016-10-12 07:40:15",5.60358
378042,b02901180_tom,"2016-10-12 07:40:15",11.19196
381401,R04942031_sheng_shou_sun,"2016-10-12 07:58:31",16.98172
379804,r04943092_C8763,"2016-10-12 07:59:01",5.65269
384974,yoyoyo,"2016-10-12 08:09:53",6.63576
379306,R05922016_YL,"2016-10-12 08:10:17",35.41610
378234,DARKREunion,"2016-10-12 08:11:46",31.56000
383063,b02502019_Daikin,"2016-10-12 08:20:44",6.67267
381426,ACEgolden1,"2016-10-12 08:36:21",7.32177
378234,DARKREunion,"2016-10-12 08:38:53",30.73367
381426,ACEgolden1,"2016-10-12 08:40:34",6.85565
383063,b02502019_Daikin,"2016-10-12 08:42:03",6.66644
385089,b02901053_gagawulala,"2016-10-12 08:46:20",5.71923
379804,r04943092_C8763,"2016-10-12 08:48:18",5.65058
383026,b02901092_James,"2016-10-12 08:51:41",5.70059
383208,r04942077_宏毅五五六六,"2016-10-12 08:52:13",5.93599
379804,r04943092_C8763,"2016-10-12 08:56:12",5.62714
385106,R04922098_Roger,"2016-10-12 09:04:48",6.72000
380423,R05922038_test,"2016-10-12 09:23:59",5.45797
381401,R04942031_sheng_shou_sun,"2016-10-12 09:27:25",14.95344
378078,b02901101_jas,"2016-10-12 09:29:05",5.52419
378042,b02901180_tom,"2016-10-12 09:31:22",5.87966
385126,underblade,"2016-10-12 09:31:26",5.82232
378943,r04942034_梅子酸酸酸,"2016-10-12 09:38:38",5.86089
385129,p04922004_KHT,"2016-10-12 09:46:08",13.02795
383083,b02202026_turtleang,"2016-10-12 10:14:03",5.82322
381501,r04921043_不辦狂戰教你做人,"2016-10-12 10:17:36",5.97425
379492,r05943001_Panda,"2016-10-12 10:26:39",5.62701
385184,Blue,"2016-10-12 10:48:30",5.99514
378922,aeiou,"2016-10-12 11:05:06",5.93155
378454,r04942070_研究生都被大學生屌虐QQ,"2016-10-12 11:07:03",5.84898
381071,b04901014_kaggle,"2016-10-12 11:26:18",10.34546
379525,r05922077_GGGGGGGGGGGG,"2016-10-12 11:41:46",5.75803
378078,b02901101_jas,"2016-10-12 11:57:40",5.41910
378903,b02902020_公館金城武,"2016-10-12 12:01:33",7.93732
382563,b02901018_Chuang,"2016-10-12 12:02:34",5.67194
381461,MarkChang,"2016-10-12 12:03:07",24.35669
382462,b02902036_OuO,"2016-10-12 12:09:53",29.03016
384957,r05922139_ahpong,"2016-10-12 12:13:00",13.98241
382462,b02902036_OuO,"2016-10-12 12:19:13",6.25577
379359,b02901126_cdf,"2016-10-12 12:21:27",5.66283
382462,b02902036_OuO,"2016-10-12 12:28:38",5.95605
378042,b02901180_tom,"2016-10-12 12:30:57",5.87513
382656,r04921008_team,"2016-10-12 12:43:11",7.06080
382765,s10138,"2016-10-12 12:49:27",5.49469
385106,R04922098_Roger,"2016-10-12 12:53:18",5.89633
381500,b02902012_saveme,"2016-10-12 13:03:00",5.67542
385276,wenz,"2016-10-12 13:22:50",6.59990
378454,r04942070_研究生都被大學生屌虐QQ,"2016-10-12 13:27:08",5.84128
385274,haha,"2016-10-12 13:29:12",5.89138
383063,b02502019_Daikin,"2016-10-12 13:29:28",6.66170
385106,R04922098_Roger,"2016-10-12 13:43:59",5.72276
383208,r04942077_宏毅五五六六,"2016-10-12 14:02:51",5.74244
379165,b02901120_gogo,"2016-10-12 14:06:53",5.84685
385274,haha,"2016-10-12 14:15:49",5.83167
383208,r04942077_宏毅五五六六,"2016-10-12 14:25:37",5.69554
378105,b03901134_YuanPJ,"2016-10-12 14:28:53",5.51453
378146,b02901004_maddskillz,"2016-10-12 14:34:26",5.42071
382168,b02901032_Daikin,"2016-10-12 14:39:39",5.68171
385276,wenz,"2016-10-12 14:41:22",6.50001
385332,我要升上去,"2016-10-12 14:41:39",5.85235
382168,b02901032_Daikin,"2016-10-12 14:41:59",5.68165
377943,f03942038_Mike,"2016-10-12 15:00:55",6.01760
382462,b02902036_OuO,"2016-10-12 15:02:35",5.70658
379191,b02902076_SmartDog~OuO,"2016-10-12 15:02:44",5.54395
380415,"Dui li la mou","2016-10-12 15:11:01",5.65906
385332,我要升上去,"2016-10-12 15:23:20",5.81378
384541,r04943042_hw1,"2016-10-12 15:26:36",5.74416
380892,b02901021_shun,"2016-10-12 15:28:59",12.00179
377943,f03942038_Mike,"2016-10-12 15:36:39",6.01755
384960,r05943051_yilong,"2016-10-12 15:37:56",5.81378
378903,b02902020_公館金城武,"2016-10-12 15:39:40",5.97599
382020,r04945025_DachshundAcolyte,"2016-10-12 15:54:26",8.80375
385388,bigggbiggg,"2016-10-12 16:01:51",5.92804
385392,kang,"2016-10-12 16:08:46",5.66088
384478,b02902099_ししゃごにゅ,"2016-10-12 16:12:02",6.65193
385388,bigggbiggg,"2016-10-12 16:18:40",5.89067
378097,r05922018_BrianHuang,"2016-10-12 16:21:41",5.65816
378097,r05922018_BrianHuang,"2016-10-12 16:23:44",5.65635
378948,b02902077_♻,"2016-10-12 16:24:18",56.14550
382767,r05921030_ggwp,"2016-10-12 16:32:14",6.37414
378948,b02902077_♻,"2016-10-12 16:32:19",46.44491
378630,r05922120_gary,"2016-10-12 16:50:51",5.84237
378811,r05922063_PM2.5OnChip,"2016-10-12 16:50:54",5.42255
378042,b02901180_tom,"2016-10-12 16:52:17",5.77438
385388,bigggbiggg,"2016-10-12 17:06:58",5.87154
380415,"Dui li la mou","2016-10-12 17:07:44",5.64506
384974,yoyoyo,"2016-10-12 17:17:35",6.03255
381468,r05921063_Kai,"2016-10-12 17:22:26",6.86070
383972,"outside learner","2016-10-12 17:23:53",10.06544
378146,b02901004_maddskillz,"2016-10-12 17:24:49",5.41682
383297,r04921010_cccc,"2016-10-12 17:30:45",5.92171
378630,r05922120_gary,"2016-10-12 17:34:26",5.81306
385472,sssss,"2016-10-12 17:41:51",6.68705
385472,sssss,"2016-10-12 17:44:20",6.02702
385472,sssss,"2016-10-12 17:45:45",5.92874
382259,r05922136_QwQ,"2016-10-12 17:53:57",5.60520
380989,b03901034_topjohnwu,"2016-10-12 17:54:08",5.73585
378507,b03901009_dskuo1995,"2016-10-12 17:55:15",5.73797
385472,sssss,"2016-10-12 17:56:10",5.91467
378948,b02902077_♻,"2016-10-12 18:07:19",5.75035
385484,willywsm,"2016-10-12 18:07:26",7.47140
385427,b02901145_hsuan,"2016-10-12 18:14:48",6.61289
385484,willywsm,"2016-10-12 18:16:19",7.39226
381071,b04901014_kaggle,"2016-10-12 18:18:22",6.93857
378442,r05944034_yuan,"2016-10-12 18:21:35",22.16188
381071,b04901014_kaggle,"2016-10-12 18:36:36",6.91769
380295,b02901083_yabe,"2016-10-12 19:08:04",5.66222
384304,r04942101_meow,"2016-10-12 19:19:22",6.52648
384304,r04942101_meow,"2016-10-12 19:34:58",6.37578
378442,r05944034_yuan,"2016-10-12 19:46:56",21.44453
385564,shaaw086,"2016-10-12 19:55:31",5.61819
385367,HuDavid,"2016-10-12 19:56:11",6.15110
384304,r04942101_meow,"2016-10-12 20:02:14",6.35420
385367,HuDavid,"2016-10-12 20:23:31",5.99089
378454,r04942070_研究生都被大學生屌虐QQ,"2016-10-12 20:44:15",5.75678
378454,r04942070_研究生都被大學生屌虐QQ,"2016-10-12 21:05:13",5.70674
385367,HuDavid,"2016-10-12 21:06:03",5.96558
378927,r04922044_Alex,"2016-10-12 21:16:41",5.69997
385642,"Eric Cartman","2016-10-12 22:05:30",6.07112
385642,"Eric Cartman","2016-10-12 22:09:31",5.78706
382616,R05922050_嘻哈阿嬤,"2016-10-12 22:11:10",6.50438
380892,b02901021_shun,"2016-10-12 22:40:24",8.84694
385642,"Eric Cartman","2016-10-12 22:59:38",5.75454
382462,b02902036_OuO,"2016-10-12 23:47:18",5.68518
381071,b04901014_kaggle,"2016-10-12 23:58:10",6.51166
385642,"Eric Cartman","2016-10-13 00:05:07",5.65891
383083,b02202026_turtleang,"2016-10-13 00:08:42",5.74926
377949,r04921039_peng,"2016-10-13 00:10:18",5.77839
380284,r05922005_hychiang,"2016-10-13 00:29:17",5.66727
384415,jasonwur04,"2016-10-13 00:39:45",5.71993
385697,r05942072_zz,"2016-10-13 00:40:36",27.55469
377943,f03942038_Mike,"2016-10-13 01:18:27",5.77521
384245,sigpro,"2016-10-13 01:21:43",5.89633
385184,Blue,"2016-10-13 01:47:45",5.85804
380888,r04922081_便便好好吃,"2016-10-13 02:01:41",5.65913
378424,b02901076_BooMii,"2016-10-13 02:49:43",5.70380
385053,b02902093_╰(⊙-⊙)╮,"2016-10-13 02:57:30",30.44048
380231,b02502038_唸來過倒要不,"2016-10-13 03:07:39",5.68535
378934,b02902054_台大小河流,"2016-10-13 03:08:36",5.78162
377956,"b02902004_你這種擋法,是不正確的","2016-10-13 03:19:30",5.67444
379525,r05922077_GGGGGGGGGGGG,"2016-10-13 03:21:17",5.70792
382248,r05922162_ching,"2016-10-13 03:22:04",6.21125
385053,b02902093_╰(⊙-⊙)╮,"2016-10-13 03:30:30",20.70841
379832,b03202014_OAO,"2016-10-13 03:36:26",6.67690
383208,r04942077_宏毅五五六六,"2016-10-13 03:37:15",5.68845
380892,b02901021_shun,"2016-10-13 03:45:33",7.75468
379525,r05922077_GGGGGGGGGGGG,"2016-10-13 03:50:58",5.69694
377954,b02901019_~(OAO)~,"2016-10-13 03:51:20",5.69794
380231,b02502038_唸來過倒要不,"2016-10-13 03:53:31",5.67448
378845,r04945028_LouAeeAhh_MingAhhJaiChiaTsaiO,"2016-10-13 03:55:09",5.70395
379379,r03921101_RenLuo,"2016-10-13 03:58:22",5.64579
385772,tim666,"2016-10-13 04:03:56",5.77578
377944,r05921035_麻省能靈,"2016-10-13 04:13:49",5.72553
384478,b02902099_ししゃごにゅ,"2016-10-13 04:21:33",5.93315
380231,b02502038_唸來過倒要不,"2016-10-13 04:22:38",5.67419
381619,meteor,"2016-10-13 04:32:53",5.77460
382563,b02901018_Chuang,"2016-10-13 04:37:06",5.66224
379804,r04943092_C8763,"2016-10-13 04:41:49",5.58649
384974,yoyoyo,"2016-10-13 04:47:13",5.89138
378447,r05922032_YA,"2016-10-13 05:09:34",5.65507
381501,r04921043_不辦狂戰教你做人,"2016-10-13 05:09:39",5.88550
385772,tim666,"2016-10-13 05:18:16",5.72093
377941,r05922062_Igoodsman,"2016-10-13 05:23:15",5.63219
380892,b02901021_shun,"2016-10-13 05:37:29",7.59473
377941,r05922062_Igoodsman,"2016-10-13 05:44:41",5.63016
380351,b02901060_vt,"2016-10-13 05:46:07",5.79456
380188,R04921106_YKChen,"2016-10-13 05:49:29",5.77808
378571,ApplePen,"2016-10-13 05:57:01",5.56148
379953,好123,"2016-10-13 05:59:16",5.73411
378571,ApplePen,"2016-10-13 06:01:20",5.55115
385815,bili233,"2016-10-13 06:09:45",6.20568
377941,r05922062_Igoodsman,"2016-10-13 06:14:25",5.55466
378963,b03901056_daikon,"2016-10-13 06:34:30",5.85244
380480,Duck,"2016-10-13 06:35:44",5.70210
385427,b02901145_hsuan,"2016-10-13 06:45:22",6.08993
379425,b02901031_CHE,"2016-10-13 06:46:02",5.68844
380892,b02901021_shun,"2016-10-13 06:46:07",6.29763
381105,b02901024_Fred,"2016-10-13 06:49:24",5.67772
383208,r04942077_宏毅五五六六,"2016-10-13 06:57:09",5.52232
385815,bili233,"2016-10-13 06:59:01",5.73195
378903,b02902020_公館金城武,"2016-10-13 07:01:34",5.74183
381722,"Bike & Bite","2016-10-13 07:09:00",5.67509
378899,b02901122_老師帥！,"2016-10-13 07:11:18",5.62139
385863,b01404018_Frédérica,"2016-10-13 07:12:17",21.60613
381608,b02901045_mao,"2016-10-13 07:14:24",5.66082
383281,___PCH___,"2016-10-13 07:18:00",5.65690
381397,r05921050_FapFap,"2016-10-13 07:19:10",5.76490
383122,b02902088_AlanChen,"2016-10-13 07:19:25",14.59967
377939,b02902075_Monica_Geller,"2016-10-13 07:22:36",5.68762
385815,bili233,"2016-10-13 07:24:13",5.69194
381722,"Bike & Bite","2016-10-13 07:34:22",5.66517
381500,b02902012_saveme,"2016-10-13 07:36:55",5.65437
385862,"sudo rm -rf /","2016-10-13 07:45:52",5.69064
385126,underblade,"2016-10-13 07:46:43",5.79410
377945,R04943057_Jigglypuff,"2016-10-13 07:47:17",5.60568
384415,jasonwur04,"2016-10-13 07:51:43",5.69513
381500,b02902012_saveme,"2016-10-13 07:55:50",5.61251
381105,b02901024_Fred,"2016-10-13 07:56:24",5.64891
384388,b03901137_Yrrz,"2016-10-13 07:59:46",6.65826
379793,b02901051_HelloMoto,"2016-10-13 08:00:28",5.66121
383255,r04921018_bob,"2016-10-13 08:01:27",5.66461
379359,b02901126_cdf,"2016-10-13 08:12:35",5.62412
378934,b02902054_台大小河流,"2016-10-13 08:13:44",5.71231
377945,R04943057_Jigglypuff,"2016-10-13 08:14:22",5.54962
385772,tim666,"2016-10-13 08:16:21",5.68253
377939,b02902075_Monica_Geller,"2016-10-13 08:21:29",5.66625
378948,b02902077_♻,"2016-10-13 08:37:13",5.74887
385911,jackie,"2016-10-13 08:44:04",5.65480
382656,r04921008_team,"2016-10-13 08:45:15",5.81163
379525,r05922077_GGGGGGGGGGGG,"2016-10-13 08:45:43",5.66269
385902,bean5566,"2016-10-13 08:54:51",5.75671
385919,b03901037_br,"2016-10-13 08:57:03",7.42021
385388,bigggbiggg,"2016-10-13 09:03:05",5.86728
378571,ApplePen,"2016-10-13 09:08:09",5.54751
379329,b02901065_boobhsi,"2016-10-13 09:09:19",5.65980
385388,bigggbiggg,"2016-10-13 09:16:03",5.83738
385902,bean5566,"2016-10-13 09:17:47",5.74637
378549,Daikin<3,"2016-10-13 09:20:04",5.54699
378447,r05922032_YA,"2016-10-13 09:22:10",5.54476
385427,b02901145_hsuan,"2016-10-13 09:24:49",5.88394
381468,r05921063_Kai,"2016-10-13 09:29:04",5.73016
384304,r04942101_meow,"2016-10-13 09:31:06",5.83339
378549,Daikin<3,"2016-10-13 09:36:59",5.54520
382130,b02901149_katherine,"2016-10-13 09:37:02",5.77532
382086,r04922129_pp,"2016-10-13 09:37:38",66.52280
384304,r04942101_meow,"2016-10-13 09:39:42",5.82205
382656,r04921008_team,"2016-10-13 09:43:24",5.78936
378495,R05942040_DeepMeow,"2016-10-13 09:49:06",6.11683
378619,r04921087_J0N35,"2016-10-13 10:00:46",5.78576
382086,r04922129_pp,"2016-10-13 10:05:42",15.45496
383972,"outside learner","2016-10-13 10:12:53",6.85329
385974,deeplearningg,"2016-10-13 10:34:41",5.87225
382959,r05922094_kerker,"2016-10-13 10:36:20",26.69523
377943,f03942038_Mike,"2016-10-13 10:43:34",5.77511
385484,willywsm,"2016-10-13 10:44:16",6.95711
385974,deeplearningg,"2016-10-13 10:45:47",5.82161
380016,r05944004_HappyStorm,"2016-10-13 10:53:46",5.56541
380972,r05942042_FacePalm,"2016-10-13 10:55:06",5.74265
378139,b01502133_tacoO,"2016-10-13 11:00:24",6.98212
384957,r05922139_ahpong,"2016-10-13 11:04:23",11.30736
385974,deeplearningg,"2016-10-13 11:06:05",5.77817
385126,underblade,"2016-10-13 11:13:41",5.78391
378186,Lorne0,"2016-10-13 11:19:50",5.62047
381213,WhoCanHelpMe,"2016-10-13 11:20:55",5.56425
378139,b01502133_tacoO,"2016-10-13 11:28:01",6.60934
379935,xiantao,"2016-10-13 11:34:41",5.99514
386009,yLearn,"2016-10-13 11:36:31",10.85013
378186,Lorne0,"2016-10-13 11:47:43",5.59365
386009,yLearn,"2016-10-13 11:50:53",6.42336
385974,deeplearningg,"2016-10-13 11:56:13",5.64270
383949,r05944025_leohom,"2016-10-13 12:06:59",27.09447
383026,b02901092_James,"2016-10-13 12:12:36",5.68866
379804,r04943092_C8763,"2016-10-13 12:12:43",5.56858
380217,b02901068_xXxFaZeKlanxXx,"2016-10-13 12:13:38",5.65875
382086,r04922129_pp,"2016-10-13 12:14:51",6.55037
383877,b03901024,"2016-10-13 12:16:57",11.13844
378477,b03202047_ilikesuafei,"2016-10-13 12:18:32",5.72495
378495,R05942040_DeepMeow,"2016-10-13 12:20:42",6.10830
382259,r05922136_QwQ,"2016-10-13 12:21:22",5.59776
381206,r05921012_trytrysee,"2016-10-13 12:22:06",5.72297
380309,"Jacko Lin","2016-10-13 12:24:22",5.58372
378502,TheWeak,"2016-10-13 12:24:31",5.54438
379165,b02901120_gogo,"2016-10-13 12:27:32",5.64016
381401,R04942031_sheng_shou_sun,"2016-10-13 12:28:38",8.16415
385129,p04922004_KHT,"2016-10-13 12:28:47",9.09726
379527,b02901039_Daikin,"2016-10-13 12:29:42",5.72565
378502,TheWeak,"2016-10-13 12:34:37",5.53948
380309,"Jacko Lin","2016-10-13 12:41:03",5.57325
383318,EdwinYam,"2016-10-13 12:41:28",5.89051
386063,ssss0905015714,"2016-10-13 12:51:01",5.67913
386073,LinLin,"2016-10-13 13:01:51",7.64824
386073,LinLin,"2016-10-13 13:04:30",6.62134
379306,R05922016_YL,"2016-10-13 13:05:56",6.42336
386075,mlgogoro,"2016-10-13 13:06:04",5.73707
378381,r05922034_Henry07,"2016-10-13 13:07:07",5.86820
379527,b02901039_Daikin,"2016-10-13 13:10:33",5.69819
386081,game,"2016-10-13 13:11:07",9.02959
382086,r04922129_pp,"2016-10-13 13:14:24",5.82827
381401,R04942031_sheng_shou_sun,"2016-10-13 13:17:32",5.98588
386040,"Benjamin Chu","2016-10-13 13:17:41",5.82187
381206,r05921012_trytrysee,"2016-10-13 13:20:52",5.67825
379804,r04943092_C8763,"2016-10-13 13:30:06",5.53775
379991,b03202019_hslin,"2016-10-13 13:31:24",6.26368
385126,underblade,"2016-10-13 13:32:05",5.77832
377949,r04921039_peng,"2016-10-13 13:41:22",5.77190
384478,b02902099_ししゃごにゅ,"2016-10-13 13:48:03",5.91047
386081,game,"2016-10-13 13:49:50",7.07864
380253,r05943002_calvin,"2016-10-13 13:52:09",5.56978
384960,r05943051_yilong,"2016-10-13 13:54:11",5.64270
386075,mlgogoro,"2016-10-13 13:57:15",5.68518
378948,b02902077_♻,"2016-10-13 13:58:12",5.72267
386111,dapumptu,"2016-10-13 13:58:13",8.83828
382168,b02901032_Daikin,"2016-10-13 13:58:35",5.68162
386111,dapumptu,"2016-10-13 14:01:29",8.81808
382168,b02901032_Daikin,"2016-10-13 14:01:48",5.68161
378017,R05942069_KAI,"2016-10-13 14:07:23",5.85864
381185,MLGGGGGGG,"2016-10-13 14:11:50",5.54707
379165,b02901120_gogo,"2016-10-13 14:15:15",5.64001
386063,ssss0905015714,"2016-10-13 14:16:48",5.62361
379379,r03921101_RenLuo,"2016-10-13 14:20:01",5.64506
384957,r05922139_ahpong,"2016-10-13 14:21:03",9.45968
386127,r04943150_夜襲薩提斯,"2016-10-13 14:22:41",9.91287
379767,Gray,"2016-10-13 14:25:30",5.84684
386138,sato,"2016-10-13 14:29:38",5.66088
386125,rain,"2016-10-13 14:43:09",607.22378
386125,rain,"2016-10-13 14:43:52",22.47941
386143,zzz46289,"2016-10-13 14:44:05",6.51201
386125,rain,"2016-10-13 14:44:29",6.37828
383026,b02901092_James,"2016-10-13 14:46:17",5.64836
382817,visitor1010,"2016-10-13 14:47:19",5.57888
386075,mlgogoro,"2016-10-13 14:47:38",5.66806
381071,b04901014_kaggle,"2016-10-13 14:50:05",6.50424
381206,r05921012_trytrysee,"2016-10-13 14:51:36",5.67769
386152,Ritasaisai,"2016-10-13 14:51:51",5.82429
381185,MLGGGGGGG,"2016-10-13 14:52:09",5.53728
383028,r03945012_ROBERT,"2016-10-13 14:52:33",6.11564
378078,b02901101_jas,"2016-10-13 15:04:43",5.39985
378097,r05922018_BrianHuang,"2016-10-13 15:07:54",5.65145
386143,zzz46289,"2016-10-13 15:11:23",6.43212
378948,b02902077_♻,"2016-10-13 15:18:32",5.67075
386143,zzz46289,"2016-10-13 15:19:14",6.35600
380016,r05944004_HappyStorm,"2016-10-13 15:19:33",5.53728
379351,b01502058_xwei,"2016-10-13 15:21:11",16.25474
378845,r04945028_LouAeeAhh_MingAhhJaiChiaTsaiO,"2016-10-13 15:25:15",5.64711
386143,zzz46289,"2016-10-13 15:27:15",6.27648
381185,MLGGGGGGG,"2016-10-13 15:29:39",5.53457
381619,meteor,"2016-10-13 15:33:06",5.72845
383122,b02902088_AlanChen,"2016-10-13 15:33:22",8.79785
381157,b03202017_eating,"2016-10-13 15:36:17",5.66467
379351,b01502058_xwei,"2016-10-13 15:42:02",14.09728
386143,zzz46289,"2016-10-13 15:45:00",6.25527
385106,R04922098_Roger,"2016-10-13 15:45:49",5.66150
386174,Cindy,"2016-10-13 15:46:02",6.79805
385089,b02901053_gagawulala,"2016-10-13 15:46:57",5.67921
384478,b02902099_ししゃごにゅ,"2016-10-13 15:48:21",5.85036
385863,b01404018_Frédérica,"2016-10-13 15:48:35",20.13951
383886,r04942112_robin,"2016-10-13 15:48:42",8.62349
385427,b02901145_hsuan,"2016-10-13 15:48:59",5.67339
383949,r05944025_leohom,"2016-10-13 15:51:59",17.72598
377943,f03942038_Mike,"2016-10-13 15:54:04",5.77511
378579,r05921040_q86,"2016-10-13 15:56:27",5.67699
386194,橋本環奈＜３,"2016-10-13 15:56:44",17.83387
382130,b02901149_katherine,"2016-10-13 15:58:08",5.76874
383877,b03901024,"2016-10-13 16:01:29",8.80366
378454,r04942070_研究生都被大學生屌虐QQ,"2016-10-13 16:02:29",5.68139
382130,b02901149_katherine,"2016-10-13 16:06:42",5.76005
384960,r05943051_yilong,"2016-10-13 16:08:50",5.62361
382130,b02901149_katherine,"2016-10-13 16:10:25",5.74182
381157,b03202017_eating,"2016-10-13 16:12:28",5.64862
385697,r05942072_zz,"2016-10-13 16:17:19",5.95570
383230,b03901070_chh,"2016-10-13 16:22:43",5.76997
385276,wenz,"2016-10-13 16:23:40",6.46771
380231,b02502038_唸來過倒要不,"2016-10-13 16:25:14",5.61697
386211,pdway53,"2016-10-13 16:26:07",5.78504
386220,QQQQK,"2016-10-13 16:26:12",10.07389
385186,r04945041_pooh,"2016-10-13 16:29:01",5.99514
385484,willywsm,"2016-10-13 16:33:16",6.24331
386220,QQQQK,"2016-10-13 16:34:47",5.69722
383255,r04921018_bob,"2016-10-13 16:35:03",5.66071
380238,b03901028_yahaha,"2016-10-13 16:38:32",5.63455
381097,sam001,"2016-10-13 16:39:08",5.72406
381097,sam001,"2016-10-13 16:43:27",5.72362
385106,R04922098_Roger,"2016-10-13 16:43:56",5.59230
385427,b02901145_hsuan,"2016-10-13 16:44:50",5.66820
383949,r05944025_leohom,"2016-10-13 16:45:23",13.68644
386230,s01237,"2016-10-13 16:47:35",5.83009
378851,r05922128_Chansey,"2016-10-13 16:50:16",5.56867
386127,r04943150_夜襲薩提斯,"2016-10-13 16:50:16",9.88916
386230,s01237,"2016-10-13 16:50:50",5.67507
379232,r05921049_hao,"2016-10-13 16:52:51",5.73440
380238,b03901028_yahaha,"2016-10-13 17:01:40",5.62530
385276,wenz,"2016-10-13 17:03:20",6.01361
384121,B02901056_Claudia,"2016-10-13 17:06:52",5.66835
384940,Chia-Fu-Lee,"2016-10-13 17:07:19",6.79032
386138,sato,"2016-10-13 17:08:18",5.64943
380968,b02901102_GG3B0,"2016-10-13 17:10:12",5.72336
382097,iceberg,"2016-10-13 17:12:07",5.73006
386242,DMore,"2016-10-13 17:16:58",25.53837
386243,gooddog,"2016-10-13 17:21:11",22.95935
379991,b03202019_hslin,"2016-10-13 17:22:07",5.95321
378103,b03901175_skywalker,"2016-10-13 17:24:15",5.70431
378146,b02901004_maddskillz,"2016-10-13 17:26:37",5.40344
383230,b03901070_chh,"2016-10-13 17:29:03",5.76996
377947,b03902035_nanana,"2016-10-13 17:31:31",5.24578
384940,Chia-Fu-Lee,"2016-10-13 17:31:46",6.36102
386252,jjhao,"2016-10-13 17:34:51",6.46667
377947,b03902035_nanana,"2016-10-13 17:35:03",5.19612
385427,b02901145_hsuan,"2016-10-13 17:37:43",5.66608
385186,r04945041_pooh,"2016-10-13 17:42:00",5.96378
379998,b02901150_ho,"2016-10-13 17:42:53",5.81003
379793,b02901051_HelloMoto,"2016-10-13 17:46:57",5.66096
384940,Chia-Fu-Lee,"2016-10-13 17:51:35",6.21659
380423,R05922038_test,"2016-10-13 17:52:11",5.45797
379437,r04921055_rsgg,"2016-10-13 17:55:57",5.65607
385901,WhenPainGone_CodePreserved,"2016-10-13 17:57:23",6.24095
383949,r05944025_leohom,"2016-10-13 18:02:01",12.63759
384940,Chia-Fu-Lee,"2016-10-13 18:02:18",5.98423
377971,b02901001_potato,"2016-10-13 18:03:24",5.78635
382817,visitor1010,"2016-10-13 18:05:23",5.47466
386127,r04943150_夜襲薩提斯,"2016-10-13 18:10:00",5.83204
378495,R05942040_DeepMeow,"2016-10-13 18:12:02",6.09562
381071,b04901014_kaggle,"2016-10-13 18:14:17",5.93048
384121,B02901056_Claudia,"2016-10-13 18:16:01",5.64836
386260,r05921082_mcs,"2016-10-13 18:23:07",5.60192
385378,r03945014_Brady,"2016-10-13 18:24:17",8.90500
381542,TimHoward,"2016-10-13 18:27:33",5.69293
381501,r04921043_不辦狂戰教你做人,"2016-10-13 18:28:05",5.69293
381397,r05921050_FapFap,"2016-10-13 18:31:27",5.75647
377949,r04921039_peng,"2016-10-13 18:33:22",5.76271
383886,r04942112_robin,"2016-10-13 18:34:10",5.78255
386276,r05921080_╰(〒皿〒)╯,"2016-10-13 18:34:49",21.77317
386152,Ritasaisai,"2016-10-13 18:40:21",5.79260
380190,b02504036_bigGG,"2016-10-13 18:42:52",5.69300
378927,r04922044_Alex,"2016-10-13 18:47:30",5.65378
386286,旁聽QQ,"2016-10-13 19:00:05",33.95025
383239,r05943040_hoo,"2016-10-13 19:09:30",5.68467
384957,r05922139_ahpong,"2016-10-13 19:14:17",8.57350
386292,d04921005_outlier,"2016-10-13 19:16:40",32.71676
385186,r04945041_pooh,"2016-10-13 19:18:27",5.88926
379260,b03902128_JamesChen,"2016-10-13 19:20:27",10.63406
386230,s01237,"2016-10-13 19:21:17",5.66269
386299,GGInInDer,"2016-10-13 19:27:47",8.97884
379464,r04921006_Kai,"2016-10-13 19:29:49",5.69722
380423,R05922038_test,"2016-10-13 19:38:39",5.41812
378495,R05942040_DeepMeow,"2016-10-13 19:48:45",6.08963
380590,OAO,"2016-10-13 19:49:09",6.40774
383886,r04942112_robin,"2016-10-13 19:52:22",5.77490
386237,b02608032_haohao,"2016-10-13 20:01:31",5.74134
380590,OAO,"2016-10-13 20:30:34",6.29395
383239,r05943040_hoo,"2016-10-13 20:33:13",5.65648
386243,gooddog,"2016-10-13 20:40:22",21.77317
382098,B02901069_shine,"2016-10-13 20:45:02",13.46384
386243,gooddog,"2016-10-13 21:02:25",6.66880
383239,r05943040_hoo,"2016-10-13 21:03:59",5.64778
385133,b03902130_leo,"2016-10-13 21:07:59",11.47718
380590,OAO,"2016-10-13 21:17:52",6.28510
383239,r05943040_hoo,"2016-10-13 21:17:59",5.64344
384536,b03901036_GG,"2016-10-13 21:28:49",5.89051
383028,r03945012_ROBERT,"2016-10-13 21:36:37",6.01390
383264,b02901073_GP,"2016-10-13 21:37:10",35.41610
386292,d04921005_outlier,"2016-10-13 21:44:40",7.29023
386371,sherrychen32,"2016-10-13 21:46:23",7.99425
386276,r05921080_╰(〒皿〒)╯,"2016-10-13 21:47:46",6.31572
383264,b02901073_GP,"2016-10-13 21:50:22",19.75984
382616,R05922050_嘻哈阿嬤,"2016-10-13 21:54:16",5.77039
383264,b02901073_GP,"2016-10-13 21:57:44",16.59767
385089,b02901053_gagawulala,"2016-10-13 21:58:15",5.66418
385089,b02901053_gagawulala,"2016-10-13 22:13:41",5.64358
386371,sherrychen32,"2016-10-13 22:14:20",5.91317
382616,R05922050_嘻哈阿嬤,"2016-10-13 22:15:12",5.72775
386299,GGInInDer,"2016-10-13 22:27:45",8.56925
383122,b02902088_AlanChen,"2016-10-13 22:31:56",8.38261
378479,r05942073_owata,"2016-10-13 22:32:13",5.82727
378479,r05942073_owata,"2016-10-13 22:44:41",5.81463
386398,chao11111,"2016-10-13 22:46:35",33.71926
386174,Cindy,"2016-10-13 22:50:30",5.77841
385697,r05942072_zz,"2016-10-13 22:55:22",5.94698
378479,r05942073_owata,"2016-10-13 23:01:21",5.81398
386276,r05921080_╰(〒皿〒)╯,"2016-10-13 23:01:24",5.81828
385133,b03902130_leo,"2016-10-13 23:07:46",11.43496
383264,b02901073_GP,"2016-10-13 23:11:17",16.36804
386398,chao11111,"2016-10-13 23:18:49",31.07463
378479,r05942073_owata,"2016-10-13 23:25:48",5.75122
386276,r05921080_╰(〒皿〒)╯,"2016-10-13 23:29:22",5.79480
386276,r05921080_╰(〒皿〒)╯,"2016-10-13 23:42:31",5.71029
386127,r04943150_夜襲薩提斯,"2016-10-13 23:43:27",5.60454
386421,r04942119_微粒炸醬麵,"2016-10-13 23:49:06",5.98423
378794,R05921041_abbner,"2016-10-13 23:56:54",5.64358
379306,R05922016_YL,"2016-10-13 23:57:03",5.75268
383949,r05944025_leohom,"2016-10-13 23:58:45",12.62655
383877,b03901024,"2016-10-14 00:00:09",6.23520
382616,R05922050_嘻哈阿嬤,"2016-10-14 00:01:55",5.70477
380231,b02502038_唸來過倒要不,"2016-10-14 00:02:09",5.60770
381071,b04901014_kaggle,"2016-10-14 00:02:43",5.91444
377941,r05922062_Igoodsman,"2016-10-14 00:04:21",5.53948
378332,b02902023_shago,"2016-10-14 00:04:38",5.79011
380972,r05942042_FacePalm,"2016-10-14 00:06:29",5.74196
378332,b02902023_shago,"2016-10-14 00:06:52",5.78419
383949,r05944025_leohom,"2016-10-14 00:06:54",12.59020
384536,b03901036_GG,"2016-10-14 00:08:35",5.79546
384957,r05922139_ahpong,"2016-10-14 00:09:28",8.06004
385427,b02901145_hsuan,"2016-10-14 00:10:47",5.66382
377939,b02902075_Monica_Geller,"2016-10-14 00:10:55",5.65352
377939,b02902075_Monica_Geller,"2016-10-14 00:11:37",5.59991
383239,r05943040_hoo,"2016-10-14 00:13:05",5.64162
385697,r05942072_zz,"2016-10-14 00:13:53",5.93710
378978,r04921093_ʕ•㉨•ʔ,"2016-10-14 00:15:03",5.74166
381468,r05921063_Kai,"2016-10-14 00:15:08",5.73015
377941,r05922062_Igoodsman,"2016-10-14 00:16:41",5.53816
380892,b02901021_shun,"2016-10-14 00:18:02",5.77300
378948,b02902077_♻,"2016-10-14 00:19:28",5.65631
378948,b02902077_♻,"2016-10-14 00:22:13",5.65284
381105,b02901024_Fred,"2016-10-14 00:22:29",5.64837
377944,r05921035_麻省能靈,"2016-10-14 00:23:29",5.71913
381468,r05921063_Kai,"2016-10-14 00:24:37",5.73014
385378,r03945014_Brady,"2016-10-14 00:24:59",5.96620
378477,b03202047_ilikesuafei,"2016-10-14 00:27:56",5.71057
377941,r05922062_Igoodsman,"2016-10-14 00:28:31",5.53716
383318,EdwinYam,"2016-10-14 00:28:58",5.74507
384245,sigpro,"2016-10-14 00:30:04",5.87296
381468,r05921063_Kai,"2016-10-14 00:33:09",5.73011
384536,b03901036_GG,"2016-10-14 00:33:13",5.74507
380253,r05943002_calvin,"2016-10-14 00:33:53",5.56837
378794,R05921041_abbner,"2016-10-14 00:33:57",5.61842
378934,b02902054_台大小河流,"2016-10-14 00:36:26",5.67474
378495,R05942040_DeepMeow,"2016-10-14 00:37:25",5.88930
382616,R05922050_嘻哈阿嬤,"2016-10-14 00:38:03",5.70186
378794,R05921041_abbner,"2016-10-14 00:38:21",5.60952
386299,GGInInDer,"2016-10-14 00:42:56",6.58247
379991,b03202019_hslin,"2016-10-14 00:44:11",5.93431
386299,GGInInDer,"2016-10-14 00:49:16",6.20995
385697,r05942072_zz,"2016-10-14 00:49:24",5.93396
386111,dapumptu,"2016-10-14 00:49:37",8.80941
381522,r05942102_0317,"2016-10-14 00:51:17",6.06465
378948,b02902077_♻,"2016-10-14 00:51:38",5.56360
383318,EdwinYam,"2016-10-14 00:51:40",5.73123
382259,r05922136_QwQ,"2016-10-14 00:53:28",5.57639
385053,b02902093_╰(⊙-⊙)╮,"2016-10-14 00:54:16",18.13203
383063,b02502019_Daikin,"2016-10-14 00:56:07",6.65714
386127,r04943150_夜襲薩提斯,"2016-10-14 00:56:42",5.60013
377949,r04921039_peng,"2016-10-14 00:56:56",5.75231
377949,r04921039_peng,"2016-10-14 00:58:24",5.70928
379329,b02901065_boobhsi,"2016-10-14 00:58:31",5.65759
385129,p04922004_KHT,"2016-10-14 00:58:51",8.80941
379525,r05922077_GGGGGGGGGGGG,"2016-10-14 00:59:47",5.66094
386299,GGInInDer,"2016-10-14 01:00:05",6.13362
